Include/ Exclude,Week,Sub,Site,Cat,Type,Series Name,SS SKU Code,D/B Name,SS SKU Size,SS SKU Colour,Listing Title,Listing Size,Listing Color,CCY,RRP (LC),LP (LC),SP (LC),Off/Bund/Promo,Seller Name,Seller Rating,Seller Rep,Seller type,Availability,Stocks,Import/Export,Refurbished,Prod Rating,# of Prod Review,Specification,Description,URL,Site Prod ID,Brand,Site SKU Code,FX,RRP (USD),LP (USD),SP (USD),Warranty Type,Timestamp,Seller size,Seller Time,Report Date
Include/ Exclude,Week,Sub,Site,Cat,Type,Series Name,SS SKU Code,D/B Name,SS SKU Size,SS SKU Colour,Listing Title,Listing Size,Listing Color,CCY,RRP (LC),LP (LC),SP (LC),Off/Bund/Promo,Seller Name,Seller Rating,Seller Rep,Seller type,Availability,Stocks,Import/Export,Refurbished,Prod Rating,# of Prod Review,Specification,Description,URL,Site Prod ID,Brand,Site SKU Code,FX,RRP (USD),LP (USD),SP (USD),Warranty Type,Timestamp,Seller size,Seller Time,Report Date
,W10,SEIN,Bukalapak,,,,,,,'',,[],NA,IDR,,Rp7300000,Rp7300000,NA,OPPO Authorized Dealer,['99%'],NA,Unauthorized,Yes,NA,NA,No,['5.0'],NA,NA,[],https://www.bukalapak.com/p/handphone/hp-smartphone/fhho1l-jual-promo-samsung-galaxy-s8-sm-g950-garansi-resmi-samsung,,Samsung,,,https://www.bukalapak.com/p/handphone/hp-smartphone/fhho1l-jual-promo-samsung-galaxy-s8-sm-g950-garansi-resmi-samsung,,,[],03/13/2022 09:05:10,NA,NA,03/13/2022
,W10,SEIN,Bukalapak,,,,,,,'',,['5.5'],NA,IDR,,Rp1475000,Rp1475000,NA,edynur,['98%'],NA,Unauthorized,Yes,NA,NA,No,[],NA,NA,"['Samsung S7 EDGE Duos RESMI SEIN Ram 4/32GB 4G LTE ', 'Kondisi : ', '- android Oreo 8.0 - Dual Sim GSM', '- Layar 5.5inch ', '- touchscreen lancar jaya ', '- Ram 4GB - internal 32gb ', '- Fisik 95% Overal Mulusss sesuai Foto - 100% lancar jaya ', '- kamera belakang 12MP ', '- Kamera depan 5MP ', '- Fingerprint Normall  ', '- layar super amoled ada shadow tipis, masih bening.. lcd masih original boss - Layar ada retak sesuai foto, cek foto detail, yg teliti ya juragan ', '- Fingerprint lancar jaya ', '- Original Resmi SEIN ', '- sinyal 4G LTE All operator GSM ', '- Baterai 3600Mah masih original kelengkapan unit HP only original / batangan / HP aja / HP doank stock terbatasss silahkan order']",https://www.bukalapak.com/p/handphone/hp-smartphone/hp-android/4h1j357-jual-samsung-s7-edge,,Samsung,,,https://www.bukalapak.com/p/handphone/hp-smartphone/hp-android/4h1j357-jual-samsung-s7-edge,,,['Tidak Bergaransi'],03/13/2022 09:05:14,NA,NA,03/13/2022
,W10,SEIN,Bukalapak,,,,,,,'',,"['4G - LTE, 3G, Wifi, Bluetooth, GPS Navigation, Touchscreen, Memory Card Slots, e-mail, FM Radio, MP3, Video Player, Front Camera, Dual Sim Card']",NA,IDR,,Rp2199000,"Rp2199000,  Hemat 19%",NA,Gojap,['99%'],NA,Unauthorized,Yes,NA,NA,No,['4.9'],NA,NA,"['Siapa cepat dia dapat !!!!', '100% Original', '100% Garansi Resmi SEIN SAMSUNG INDONESIA', 'Jaminan dana kembali utuh !!!', 'Prosesor', 'CPU Speed1.8GHz, 1.6GHz', 'CPU TypeOcta-Core', 'Display', 'Size (Main_Display)160.0mm (6.3"" full rectangle) / 155.9mm (6.1"" rounded corners)', 'Resolusi (Main Display)2340 x 1080 (FHD+)', 'Teknologi (Main Display)TFT', 'Kedalaman Warna (Main Display)16M', 'Kamera', 'Main Camera - Resolution13.0 MP + 5.0 MP', 'Main Camera - F NumberF1.9 , F2.2', 'Main Camera - Auto FocusYes', 'Rear Camera - OISNo', 'Front Camera - Resolution8.0 MP', 'Front Camera - F NumberF2.0', 'Front Camera - Auto FocusNo', 'Front Camera - OISNo', 'Main Camera - FlashYes', 'Front Camera - FlashNo', 'Resolusi Rekaman VideoFHD(1920 x 1080) @30fps', 'Gojap', 'Memori', 'RAM Size (GB)3', 'ROM Size (GB)32', 'Available Memory Size * (GB)21.9', 'Dukungan Memori EksternalMicroSD (Up to 512GB)', 'Jaringan', 'Number of SIMDual-SIM', 'SIM sizeNano-SIM (4FF)', 'SIM Slot TypeSIM + SIM 2 + MicroSD', 'Infra2G GSM, 3G WCDMA, 4G LTE FDD, 4G LTE TDD', '2G GSMGSM850, GSM900, DCS1800, PCS1900', '3G UMTSB1(2100), B2(1900), B5(850), B8(900)', '4G FDD LTEB1(2100), B3(1800), B5(850), B7(2600), B8(900), B20(800), B28(700)', '4G TDD LTEB38(2600), B40(2300), B41(2500)', 'Konektivitas', 'ANT+Tidak', 'USB InterfaceUSB Type-C', 'Versi USBUSB 2.0', 'Teknologi LokasiGPS, Glonass, Beidou', 'Earjack3.5mm Stereo', 'MHLTidak', 'Wi-Fi802.11 b/g/n 2.4GHz', 'Wi-Fi DirectYa', 'Versi BluetoothBluetooth v5.0', 'NFCNo', 'PC  Switch (PC version)', 'Sistem OperasiAndroid', 'Informasi Umum', 'Form FactorTouch Bar', 'SensorsAccelerometer, Fingerprint Sensor, Gyro Sensor, Geomagnetic Sensor, Proximity Sensor, Virtual Light Sensing', 'Spesifikasi Fisik', 'Dimension (HxWxD, mm)156.4 x 74.5 x 8.8', 'Weight (g)186', 'Baterai', 'Internet Usage Time(3G) (Hours)Up to 15', 'Internet Usage Time(LTE) (Hours)Up to 17', 'Internet Usage Time(Wi-Fi) (Hours)Up to 17', 'Video Playback Time (Hours)Up to 17', 'Battery Capacity (mAh, Typical)5000', '#samsungm20 #galaxym20 #m20 #samsunggalaxym20']",https://www.bukalapak.com/p/handphone/hp-smartphone/hp-android/18hudl1-jual-samsung-m20-sein,,Samsung,,,https://www.bukalapak.com/p/handphone/hp-smartphone/hp-android/18hudl1-jual-samsung-m20-sein,,,['Dual GSM-GSM'],03/13/2022 09:05:25,NA,NA,03/13/2022
,W10,SEIN,Bukalapak,,,,,,,'',,"['4G - LTE, Wifi, Bluetooth, GPS Navigation, Touchscreen, Memory Card Slots, Front Camera, Dual Sim Card, Fingerprint Sensor']",NA,IDR,,Rp3599000,Rp3599000,NA,BEST STORE,['100%'],NA,Unauthorized,Yes,NA,NA,No,['5.0'],NA,NA,"['samsung note 9 AU', 'batangan aja,', 'Warna masih lengkap', 'No minus, no shadow', 'Body kemulusan 95-97%', 'minta foto sebelum dikirim via chat sama admin', 'garansi 7hari setelah brg diterima', 'Garansi jaringan lifetime']",https://www.bukalapak.com/p/handphone/hp-smartphone/1m4yv4o-jual-samsung-note-9-global,,Samsung,,,https://www.bukalapak.com/p/handphone/hp-smartphone/1m4yv4o-jual-samsung-note-9-global,,,['GSM'],03/13/2022 09:05:40,NA,NA,03/13/2022
,W10,SEIN,Bukalapak,,,,,,,'',,[],NA,IDR,,Rp3750000,Rp3750000,NA,Daton Shop,['100%'],NA,Unauthorized,Yes,NA,NA,No,['5.0'],NA,NA,[],https://www.bukalapak.com/p/handphone/hp-smartphone/hp-android/4gje1q4-jual-samsung-galaxy-a32-5g-ram-8gb-rom-128gb-garansi-resmi,,Samsung,,,https://www.bukalapak.com/p/handphone/hp-smartphone/hp-android/4gje1q4-jual-samsung-galaxy-a32-5g-ram-8gb-rom-128gb-garansi-resmi,,,[],03/13/2022 09:05:53,NA,NA,03/13/2022
,W10,SEIN,Bukalapak,,,,,,,'',,['7'],NA,IDR,,Rp14999000,"Rp14999000,  Hemat 33%",NA,Gojap,['100%'],NA,Unauthorized,Yes,NA,NA,No,[],NA,NA,"['100% New dan Original', '100% Garansi Resmi Samsung Indonesia', 'Jaminan dan kbali utuh jika bukan ori', 'Samsung Galaxy Z Flip', 'SM-F700F', 'Warna', 'Mirror Gold/Black/Purple', 'Jaringan', 'GSM / HSPA / LTE', 'Sistem Operasi', 'Android 10', 'Prosesor', 'Qualcomm SM8150 Snapdragon 855+ (7 nm), Octa-core (1x2.95 GHz Kryo 485 & 3x2.41 GHz Kryo 485 & 4x1.78 GHz Kryo 485)', 'GPU', 'Adreno 640 (700 MHz)', 'RAM8 GB', 'Kapasitas256 GB', 'Ukuran Layar6.7 inch', 'Tipe Layar', 'Foldable Dynamic AMOLED capacitive touchscreen, 16M colors', 'Resolusi Layar1080 x 2636 pixels (~425 ppi density), HDR10+', 'Kamera Belakang', 'Dual:', '12 MP, f/1.8, 27mm (wide), 1/2.55"", 1.4m, Dual Pixel PDAF, OIS', '12 MP, f/2.2, 12mm (ultrawide), 1.12m', 'Kamera Depan', '10 MP, f/2.4, 26mm (wide), 1.22m, PDAF', 'Fitur Kamera', '4K UHD Recording, Photo & Video Bokeh, Super steady, Ultra Wide Camera, Custom Filter', 'Audio', '32-bit/384kHz audio, Tuned by AKG', 'WLAN', 'Wi-Fi 802.11 a/b/g/n/ac, dual-band, Wi-Fi Direct, hotspot', 'Bluetooth5.0, A2DP, LE', 'GPSA-GPS, GLONASS, GALILEO, BDS', 'Sensor', 'Fingerprint (side-mounted), accelerometer, gyro, proximity, compass, barometer', 'Baterai', '3300 mAh', 'Pengisian Daya', 'Fast battery charging 15W, Wireless charging', 'Slot Memori Eksternal', 'No', 'SIM', 'Single Nano SIM', 'Berat183 gr', 'Dimensi167.3 x 73.6 x 7.2 mm (Unfolded), 87.4 x 73.6 x 17.3 mm (Folded)', 'Lainnya', 'Cover Display: 1.1 inci, Super AMOLED, 112 x 300 pixel', 'Video: 2160p@30/60fps, 1080p@60/240fps, 720p@960fps, HDR10+', 'USB: 3.1, Type-C 1.0 reversible connector, USB On-The-Go', 'Material: Plastic front, glass back (Gorilla Glass 6), aluminum frame']",https://www.bukalapak.com/p/handphone/hp-smartphone/hp-android/4gwzsuy-jual-samsung-galaxy-z-flip-garansi-resmi-lipat-zflip,,Samsung,,,https://www.bukalapak.com/p/handphone/hp-smartphone/hp-android/4gwzsuy-jual-samsung-galaxy-z-flip-garansi-resmi-lipat-zflip,,,['1 Tahun'],03/13/2022 09:06:04,NA,NA,03/13/2022
,W10,SEIN,Bukalapak,,,,,,,'',,['6.2'],NA,IDR,,Rp1986000,"Rp1986000,  Hemat 2%",NA,rikydos santos aveiro,['89%'],NA,Unauthorized,Yes,NA,NA,No,['4.6'],NA,NA,"['RAM/Internal Storage: 4/64GB', 'Processor: MediaTek Helio P35', 'Battery: 5.000 mAh', 'Display: 6.5"""" HD+ PLS LCD Infinity-V Display', 'Rear Camera: 13+2+2 MP', 'Front Camera: 5MP""']",https://www.bukalapak.com/p/handphone/hp-smartphone/hp-android/4geyywy-jual-samsung-galaxy-a03s-4-64-gb-garansi-sein,,Samsung,,,https://www.bukalapak.com/p/handphone/hp-smartphone/hp-android/4geyywy-jual-samsung-galaxy-a03s-4-64-gb-garansi-sein,,,['1 Tahun'],03/13/2022 09:06:18,NA,NA,03/13/2022
,W10,SEIN,Bukalapak,,,,,,,'',,['6.2'],NA,IDR,,Rp4999000,"Rp4999000,  Hemat 9%",NA,Mobilecell,['98%'],NA,Unauthorized,Yes,NA,NA,No,['5.0'],NA,NA,"['Chat utk ketersediaan Warna ya kk jk tdk dikirim random', 'SAMSUNG A52 8/128 GB Garansi Resmi Sein Samsung New 1 Tahun', 'Biru dan Black ', 'Spesifikasi :', 'Layar 6.5 inch super amoled', 'Snapdragon 750', 'IP67 anti air', '4550mah', 'SAMSUNG Garansi Resmi Indonesia Sein:', 'SAMSUNG Brand New bergaransi Resmi', 'Spesifikasi lengkap search di google Gsm Arena', 'Barang Asli Brand New 100% dan Segel Asli di Jamin ', 'Silahkan belanja di tempat kami pasti Aman, Termurah dan Terlengkap', 'Harap bertanya warna stok yg tersedia karena stok sangat terbatas', 'Terima Kasih Silahkan diorder kk']",https://www.bukalapak.com/p/handphone/hp-smartphone/hp-android/4e82krm-jual-samsung-a52-8-128-8-256-gb-new-sein-resmi-harga-list-gudang,,Samsung,,,https://www.bukalapak.com/p/handphone/hp-smartphone/hp-android/4e82krm-jual-samsung-a52-8-128-8-256-gb-new-sein-resmi-harga-list-gudang,,,['1 Tahun'],03/13/2022 09:06:26,NA,NA,03/13/2022
,W10,SEIN,Bukalapak,,,,,,,'',,['6.2'],NA,IDR,,Rp6490000,"Rp6490000,  Hemat 12%",NA,Mobilecell,['98%'],NA,Unauthorized,Yes,NA,NA,No,['5.0'],NA,NA,"['READY STOCK : New Samsung A52s 5G 8/256 Gb ', 'BLACK mint n White', '---------------------------------------------------------------', '100% RESMI SEIN', '100% BARU SEGEL', '100% READY STOCK', 'Orderan masuk - Langsung kirim', 'SUPPORT 5G TELKOMSEL BAND N40', 'Spesifikasi: dengan Chipset terbaru', '* Processor Qualcomm Snapdragon 778G (6nm)', '* Android 11; One UI 3.1', '* Layar 6.5"" FHD+ Infinity-V Display 1080 x 2400 pixels, 20:9 ratio 405 ppi densi', '* Layar Super AMOLED', '* 120Hz Refresh Frame Rate', '* Corning Gorilla Glass 5', '* Dual SIM Nano Card', '* RAM 8GB / 256 ROM', '* Memory Micro SD support up to 1TB', '* OIS Quad Camera: 64MP + 12 MP + 5MP + 5MP', '* Front Camera: 32MP', '* Dolby Atmos Stereo Speakers', '* NFC Ready ', 'Fingerprint in Display', 'IP67 Water & Dust Resistant', '25W Fast Charging USB Type C', '4500 mAh Lithium Polymer Battery', 'GARANSI RESMI 100% SEIN INDONESIA']",https://www.bukalapak.com/p/handphone/hp-smartphone/hp-android/4gjdl9s-jual-samsung-a52s-8-256-5g-new-garansi-resmi-sein-harga-list-grosir-gudang,,Samsung,,,https://www.bukalapak.com/p/handphone/hp-smartphone/hp-android/4gjdl9s-jual-samsung-a52s-8-256-5g-new-garansi-resmi-sein-harga-list-grosir-gudang,,,['1 Tahun'],03/13/2022 09:06:40,NA,NA,03/13/2022
,W10,SEIN,Bukalapak,,,,,,,'',,['6.2'],NA,IDR,,Rp2499000,"Rp2499000,  Hemat 5%",NA,STAR SHOP,['99%'],NA,Unauthorized,Yes,NA,NA,No,['5.0'],NA,NA,"['SAMSUNG GALAXY A12 RAM 6/128GB', 'WARNA : BLACK ,BLUE,WHITE', 'FULL BONUS ', 'BONUS DAPAT SEMUANYA.', 'NOTE:Agar lebih aman dalam pengiriman ekpedisi dan Safety Packing Dus tambahan CUMA 2 ribu saja.', 'STOK READY ,LANGSUNG SAJA DI ORDER YA KAK', 'BERGARANSI RESMI SAMSUNG INDONESIA 1 TAHUN(SEIN)', 'SERVIS BEBAS CLAIM DI SELURUH INDONESIA', 'BARANG RESMI DAN TERSEGEL ', 'IMEI RESMI TERDAFTAR DI KOMEMPERIN', 'BONUS', '-HEADSET ORI ', '-TEMPERED GLASS (anti gores kaca)', '-SOFCASE PROTECTIVE CAMERA', '1paket, jadi gak usah beli / TG lagi ,Tinggal Pakei saja..BOSSKU', 'NOTE:DALAM PAKET PENJUALAN TIDAK DAPAT HEADSET/HANDFREE BAWAAN YA KAK!', 'BONUS PASTI DAPAT', 'NETWORK\tTechnology\t', 'GSM / HSPA / LTE', 'BODY\t', 'Dimensions\t164 x 75.8 x 8.9 mm (6.46 x 2.98 x 0.35 in)', 'Weight\t205 g (7.23 oz)', 'Build\tGlass front, plastic back, plastic frame', 'SIM\tSingle SIM (Nano-SIM) or Dual SIM (Nano-SIM, dual stand-by)', 'DISPLAY\t', 'Type\tPLS IPS', 'Size\t6.5 inches, 106.7 cm2 (~85.8% screen-to-body ratio)', 'Resolution\t720 x 1600 pixels, 20:9 ratio (~264 ppi density)', 'PLATFORM\tOS', 'Android 10', 'Chipset\tMediatek MT6765 Helio P35 (12nm)', 'CPU\tOcta-core (4x2.35 GHz Cortex-A53 & 4x1.8 GHz Cortex-A53)', 'GPU\tPowerVR GE8320', 'MEMORY', 'Card slot\tmicroSDXC (dedicated slot)', 'Internal\t128GB 6GB RAMeMMC 5.1', 'MAIN CAMERA', 'Quad\t48 MP, f/2.0, 26mm (wide), AF', '5 MP, f/2.2, 123 (ultrawide)', '2 MP, f/2.4, (macro)', '2 MP, f/2.4, (depth)', 'Features\tLED flash, panorama, HDR', 'Video\t1080p@30fps', 'SELFIE CAMERA\t', 'Single\t8 MP, f/2.2', 'Video\t1080p@30fps', 'SOUND\tLoudspeaker\tYes', '3.5mm jack\tYes', 'COMMS\tWLAN', 'Wi-Fi 802.11 b/g/n, Wi-Fi Direct, hotspot', 'Bluetooth\t5.0, A2DP, LE', 'GPS\tYes, with A-GPS, GLONASS, GALILEO, BDS', 'Radio\tUnspecified', 'USB\tUSB Type-C 2.0', 'FEATURES\t', 'Sensors\tFingerprint (side-mounted), accelerometer', 'BATTERY\tType\tLi-Po 5000 mAh, non-removable', 'Charging\tFast charging 15W']",https://www.bukalapak.com/p/handphone/hp-smartphone/hp-android/46mly6d-jual-samsung-galaxy-a12-ram-6-128gb-garansi-resmi-samsung-indonesia,,Samsung,,,https://www.bukalapak.com/p/handphone/hp-smartphone/hp-android/46mly6d-jual-samsung-galaxy-a12-ram-6-128gb-garansi-resmi-samsung-indonesia,,,['1 Tahun'],03/13/2022 09:06:46,NA,NA,03/13/2022
,W10,SEIN,Bukalapak,,,,,,,'',,[],NA,IDR,,Rp2767500,Rp2767500,NA,MACC,['100%'],NA,Unauthorized,Yes,NA,NA,No,['5.0'],NA,NA,"['Ready = Black, Blue, White', 'Kode Promo = BLMACC', 'Samsung Galaxy M32', 'Ram 6/128 Gb', 'New Resmi Sein', 'Imei Terdaftar', 'Ready .Black..Blue..White']",https://www.bukalapak.com/p/handphone/hp-smartphone/hp-android/4gk35zs-jual-samsung-galaxy-m32-ram-6-128-gb-garansi-resmi-sein,,Samsung,,,https://www.bukalapak.com/p/handphone/hp-smartphone/hp-android/4gk35zs-jual-samsung-galaxy-m32-ram-6-128-gb-garansi-resmi-sein,,,[],03/13/2022 09:06:59,NA,NA,03/13/2022
,W10,SEIN,Bukalapak,,,,,,,'',,['6.2'],NA,IDR,,Rp1595000,Rp1595000,NA,THE NEW DAY,['99%'],NA,Unauthorized,Yes,NA,NA,No,['5.0'],NA,NA,"['GARANSI RESMI 1 TAHUN', 'BARU DALAM DUS DAN TERSEGEL.', 'Ready Stock And Limited Stock', 'HARGA PROMO !!!', 'Samsung M12', 'RAM 3 GB ROM 32 GB', 'Ready : Warna   hijau ', 'Barang Dijamin Original , Garansi Resmi (Samsung Indonesia) 1 Tahun', 'Klo Gak ORi Dan Gak Garansi Resmi Ane Refund 100%', 'irim pake Jne , Gojek , J&T ,Grab , anteraja, si cepat', 'Bagi Yang Mau order/tanya silakan Pm / chat', 'Catatan: Barang masih Baru dan segel resmi.', 'Bila ada keluhan atas barang selama masa garansi diluar kesalahan pengguna, silahkan di klaim langsung', 'Fitur unggulan :', '- Display 6.5 HD+ PLS Infinity-V Display 90 Hz', '- Dimension 164 x 75.9 x 9.7 mm', '- Generation 4G', '- Front Camera 8MP', '- rear Camera 48MP + 5MP + 2MP + 2MP', '- Memory RAM + ROM (GB) : 3+32 GB', '- Battery 5000 mAh (15 W FC)', '- Side Fingerprint', 'Samsung M12 menggunakan chipset Exynos 850 dan GPU Mali-G52, lengkap dengan dukungan OS Android 11 serta antarmuka One UI Core 3.1 terbaru dari Samsung.', 'Tersedia dua konfigurasi penyimpanan yang nantinya bisa dipilih, masing-masing 3/32GB dan 4/64GB. Penyimpanan masih bisa ditambah dengan microSD dengan kapasitas maksimal 1TB.', 'Lanjut ke kamera. Samsung M12 menggunakan empat buah kamera utama dengan masing-masing memiliki sensor 48MP (wide), 5MP (ultrawide), 2MP (macro), dan 2MP (depth). Di bagian depan ada kamera selfie 8MP dalam notch Infinity-V khas Samsung.', 'Ciri khas baterai besar lini Galaxy M Series tetap terjaga pada varian baru ini. Samsung M12 dilengkapi baterai 5.000 mAh, lengkap dengan pengisian daya cepat 15W.']",https://www.bukalapak.com/p/handphone/hp-smartphone/hp-android/4frx9qd-jual-samsung-galaxy-m12-ram-3-gb-rom-32gb-garansi-resmi-sein-baru-dan-bersegel,,Samsung,,,https://www.bukalapak.com/p/handphone/hp-smartphone/hp-android/4frx9qd-jual-samsung-galaxy-m12-ram-3-gb-rom-32gb-garansi-resmi-sein-baru-dan-bersegel,,,['1 Tahun'],03/13/2022 09:07:06,NA,NA,03/13/2022
,W10,SEIN,Bukalapak,,,,,,,'',,['6.2'],NA,IDR,,Rp3999000,"Rp3999000,  Hemat 8%",NA,Mobilecell,['98%'],NA,Unauthorized,Yes,NA,NA,No,['4.8'],NA,NA,"['Ada ready Samsung A32 8/128', 'Support 5G ', 'Spesifikasi Samsung Galaxy A32 8/128 5G ', 'Chat utk ketersediaan warna jk tdk kita krm Random ya', 'Black', 'Galaxy A32 5G 8/128 Gb', 'Display 6.5"""" HD+', 'Processor Mediatek Dimensity 720', 'Front Camera 13MP', 'Quad Rear Camera 48MP 8MP 2MP 5MP', 'Battery 5000 Mah', '15W Fast Charging', 'Side Fingerprint', 'Dual SIM', 'Android 11', 'Network 5G Connectivity', 'RAM 8GB', 'Storage 128GB', 'Silahkan diorder ya kk']",https://www.bukalapak.com/p/handphone/hp-smartphone/hp-android/4gp3j6j-jual-samsung-a32-8-128-5g-new-sein-resmi-harga-list-grosie,,Samsung,,,https://www.bukalapak.com/p/handphone/hp-smartphone/hp-android/4gp3j6j-jual-samsung-a32-8-128-5g-new-sein-resmi-harga-list-grosie,,,['1 Tahun'],03/13/2022 09:07:11,NA,NA,03/13/2022
,W10,SEIN,Bukalapak,,,,,,,'',,['6.2'],NA,IDR,,Rp1490000,Rp1490000,NA,rikydos santos aveiro,['89%'],NA,Unauthorized,Yes,NA,NA,No,['4.6'],NA,NA,"['Ready', 'Samsung Galaxy A02 3GB+32GB ', 'Garansi Resmi 1 Tahun', '~ Free Perdana dan Handsfree Selama Persediaan masi ada ~', 'Kondisi :', '- New & Original 100%', '- IMEI Terdaftar diDatabase Kemenpenrin', 'Dengan layar 6,5 ""HD + Infinity-V, Galaxy A02 menawarkan pengalaman imersif pada layar yang besar dan lebar. Jadi Anda dapat menikmati konten Anda dengan tampilan yang enak dipandang.', 'Tubuh ramping yang memiliki kekuatan besar', 'Memegang baterai besar yang pas dengan mulus di dalam perangkat setebal 9,1mm, Galaxy A02 yang ramping memamerkan desain garis yang menarik di bagian luar. Sempurnakan dengan pilihan warna hitam atau abu-abu yang ramping.', 'Ambil foto yang menakjubkan, depan dan belakang', 'Abadikan foto-foto indah dan jernih dari momen favorit Anda dengan kamera utama Galaxy A02 yang cerah 13MP, atau ambil detailnya secara close-up dengan kamera makro 2MP. Dan ketika Anda ingin menjadi sorotan, putar ponsel Anda untuk menggunakan kamera depan 5MP.', 'Kekuatan yang membuat Anda terus maju', 'Mainkan, lebih lama dengan baterai 5.000mAh Galaxy A02 (khas). Kapasitas yang lebih besar berarti Anda dapat menghabiskan lebih sedikit waktu untuk mencari pengisi daya, dan lebih banyak waktu untuk melakukan apa yang Anda sukai di ponsel Anda.', 'Dibuat untuk kinerja optimal', 'Galaxy A02 dibuat untuk apa yang Anda lakukan dalam keseharian Anda. Muncul dengan RAM 3GB untuk kinerja yang mulus dan penyimpanan internal 32GB / 64GB. Tambahkan hingga 1TB ruang dengan kartu microSD.', 'Layar', '6.5-inch HD+ TFT Infinity-V Display', 'Dimensi : 164 x 75.9 x 9.1 mm (6.46 x 2.99 x 0.36 in)', 'Kamera Belakang Utama : Main: 13MP, F1.9 Macro: 2MP, F2.4', 'Kamera Depan Selfie: 5MP, F2.0', 'Body 75.9 x 164.0 x 9.1mm 206g', 'Ram & Internal 3GB RAM ROM 32GB', 'MicroSD slot (up to 1TB)', '* Available RAM may vary by country and region.', 'Baterai : 5,000mAh (typical) 7.75W Charging', 'Colors Black dan black', 'Terima Kasih Telah Berbelanja di toko kami']",https://www.bukalapak.com/p/handphone/hp-smartphone/hp-android/4cmal9p-jual-samsung-galaxy-a02-3gb-32gb-garansi-resmi-1-tahun,,Samsung,,,https://www.bukalapak.com/p/handphone/hp-smartphone/hp-android/4cmal9p-jual-samsung-galaxy-a02-3gb-32gb-garansi-resmi-1-tahun,,,['1 Tahun'],03/13/2022 09:07:22,NA,NA,03/13/2022
,W10,SEIN,Bukalapak,,,,,,,'',,['6.2'],NA,IDR,,Rp1735000,Rp1735000,NA,MITRA PHONE,['99%'],NA,Unauthorized,Yes,NA,NA,No,['5.0'],NA,NA,"['Spesifikasi Samsung Galaxy A03 TERBARU', 'KAMERA 48MP', 'Garansi Resmi Samsung Indonesia 1 Tahun SEIN', '100% Original Baru dan Segel', 'Imei Terdaftar Resmi di Kemenperin', 'BONUS : TEMPERED GLASS FULL COVER', 'WARNA: HITAM ,BIRU ,MERAH', 'UNTUK PILIHAN WARNA SILAKAN TULIS DI CATATAN .TERIMA KASIH', 'NETWORKTechnologyGSM / HSPA / LTE2G bandsGSM 850 / 900 / 1800 / 1900 - SIM 1 & SIM 2 (dual-SIM model only)3G bandsHSDPA 850 / 900 / 21004G bandsLTE (unspecified)SpeedHSPA 42.2/5.76 Mbps, LTE Cat4 150/50 Mbps', 'BODYDimensions', '164.2 x 75.9 x 9.1 mm (6.46 x 2.99 x 0.36 in', 'SIMSingle SIM (Nano-SIM) or Dual SIM (Nano-SIM, dual stand-by)', 'DISPLAYTypePLS IPSSize6.5 inches, 102.0 cm2(~81.8% screen-to-body ratio)Resolution720 x 1600 pixels, 20:9 ratio (~270 ppi density)', 'PLATFORMOSAndroid 11CPUOcta-core (2x1.6 GHz & 6x1.6 GHz)', 'MEMORYCard slotmicroSDXCInternal 64GB 4GB RAM ', 'MAIN CAMERADual48 MP, f/1.8, (wide), AF', '2 MP, f/2.4, (depth)FeaturesLED flashVideo1080p@30fps', 'SELFIE CAMERASingle5 MP, f/2.2Video', 'SOUNDLoudspeakerYes3.5mm jackYes', 'COMMSWLANWi-Fi 802.11 b/g/n, Wi-Fi Direct, hotspotBluetooth5.1, A2DP,', 'RadioUnspecified', 'USBmicroUSB 2.0', 'FEATURESSensorsAccelerometerMessagingSMS(threaded view), MMS, Email, Push Email', 'BATTERYTypeLi-Po 5000 mAh, non-removable']",https://www.bukalapak.com/p/handphone/hp-smartphone/hp-android/4h0cx4g-jual-samsung-galaxy-a03-ram-4-64gb-garansi-resmi-sein-samsung-a03-ram-4-internal-64gb,,Samsung,,,https://www.bukalapak.com/p/handphone/hp-smartphone/hp-android/4h0cx4g-jual-samsung-galaxy-a03-ram-4-64gb-garansi-resmi-sein-samsung-a03-ram-4-internal-64gb,,,['1 Tahun'],03/13/2022 09:07:37,NA,NA,03/13/2022
,W10,SEIN,Bukalapak,,,,,,,'',,"['4G - LTE,  Memory Card Slots,  Fingerprint Sensor,  Wireless Charging,  Dual Sim Card']",NA,IDR,,Rp1225000,Rp1225000,NA,MisterBB Depok Store,['100%'],NA,Unauthorized,Yes,NA,NA,No,['4.5'],NA,NA,"['SAMSUNG GALAXY S8 64GB DUAL SIM RESMI SEIN', 'Hp murah berkualitas dan bergaransi bos. silahkan merapat bos barang terbatas..', 'Kondisi :', '- android Pie 9.0', '- Dual Sim GSM', '- Layar 5.8inch', '- Ram 4GB', '- internal 64gb', '- Touchscreen lancar jaya', '- Fisik overall mulus 90% sesuai foto ya bos.. cek foto detail.', '- 100% lancar jaya', '- kamera belakang 12MP', '- Kamera depan 8MP', '- Fingerprint lancar jaya', '- irish scanner lancar jaya', '- LAYAR super amoled ada Shadow sangat tipis / No shadow sesuai foto, lcd masih original, fungsional touchscreen lancar jaya', '- Layar flicker / kedip2, aplikasi penstabil kontras dan always on display Wajib ON supaya masih ok', '- Original Resmi', '- sinyal 4G LTE All operator GSM', '- Baterai 3000Mah masih original', 'kelengkapan', 'unit hp original only / HP aja / Batangan / HP doank', 'stock terbatasss', 'silahkan order', 'thanks bosku...']",https://www.bukalapak.com/p/handphone/hp-smartphone/hp-android/2i51qp9-jual-samsung-galaxy-s8-dual-sim-resmi-sein-paling-termurah-boss,,Samsung,,,https://www.bukalapak.com/p/handphone/hp-smartphone/hp-android/2i51qp9-jual-samsung-galaxy-s8-dual-sim-resmi-sein-paling-termurah-boss,,,['Dual GSM-GSM'],03/13/2022 09:07:44,NA,NA,03/13/2022
,W10,SEIN,Bukalapak,,,,,,,'',,[],NA,IDR,,Rp5596000,Rp5596000,NA,apple_shop,['100%'],NA,Unauthorized,Yes,NA,NA,No,['4.5'],NA,NA,[],https://www.bukalapak.com/p/handphone/hp-smartphone/hp-android/39l5tn0-jual-samsung-galaxy-note-10-plus-second-fullset-mulus,,Samsung,,,https://www.bukalapak.com/p/handphone/hp-smartphone/hp-android/39l5tn0-jual-samsung-galaxy-note-10-plus-second-fullset-mulus,,,[],03/13/2022 09:08:01,NA,NA,03/13/2022
,W10,SEIN,Bukalapak,,,,,,,'',,['6.2'],NA,IDR,,Rp1700000,Rp1700000,NA,TOKO MAJU,['100%'],NA,Unauthorized,Yes,NA,NA,No,[],NA,NA,[],https://www.bukalapak.com/p/handphone/hp-smartphone/hp-android/4h4kxia-jual-samsung-galaxy-m12,,Samsung,,,https://www.bukalapak.com/p/handphone/hp-smartphone/hp-android/4h4kxia-jual-samsung-galaxy-m12,,,['Tidak bergaransi'],03/13/2022 09:08:16,NA,NA,03/13/2022
,W10,SEIN,Bukalapak,,,,,,,'',,['5.0'],NA,IDR,,Rp300000,Rp300000,NA,Karina Rosalina,[],NA,Unauthorized,Yes,NA,NA,No,[],NA,NA,"['Bekas pemakaian pribadi.', 'Semua fungsi normal. Tombol power susah pencet dapat diakali dengan mengaktifkan fungsi sensor proximity. Speaker ok, dll ok. Chat untuk tanya2 lebih lanjut. BONUS COVER IPAKY. Batangan. Free packing aman bubble wrap.']",https://www.bukalapak.com/p/handphone/hp-smartphone/hp-android/4h3yzcm-jual-samsung-grand-prime-sm-g531h,,Samsung,,,https://www.bukalapak.com/p/handphone/hp-smartphone/hp-android/4h3yzcm-jual-samsung-grand-prime-sm-g531h,,,['Tidak bergaransi'],03/13/2022 09:08:21,NA,NA,03/13/2022
,W10,SEIN,Bukalapak,,,,,,,'',,['7'],NA,IDR,,Rp19000000,Rp19000000,NA,Eddy Yahya,['100%'],NA,Unauthorized,Yes,NA,NA,No,[],NA,NA,"['Jual Second kondisi like NEW', 'Samsung Galaxy Fold 3', 'Warna Hitam', '512gb', 'Kelengkapan Komplit dengan box', 'Bonus 2 Case dan Stylus Samsung Original']",https://www.bukalapak.com/p/handphone/hp-smartphone/hp-android/4h4jvuy-jual-samsung-galaxy-fold-3-black-512gb-like-new,,Samsung,,,https://www.bukalapak.com/p/handphone/hp-smartphone/hp-android/4h4jvuy-jual-samsung-galaxy-fold-3-black-512gb-like-new,,,['Resmi Lokal'],03/13/2022 09:08:26,NA,NA,03/13/2022
,W10,SEIN,Bukalapak,,,,,,,'',,[],NA,IDR,,Rp5599000,Rp5599000,NA,daton store,['100%'],NA,Unauthorized,Yes,NA,NA,No,['5.0'],NA,NA,[],https://www.bukalapak.com/p/handphone/hp-smartphone/hp-android/4gj3n07-jual-samsung-galaxy-a52s-5g-ram-8gb-rom-256gb-garansi-resmi,,Samsung,,,https://www.bukalapak.com/p/handphone/hp-smartphone/hp-android/4gj3n07-jual-samsung-galaxy-a52s-5g-ram-8gb-rom-256gb-garansi-resmi,,,[],03/13/2022 09:08:33,NA,NA,03/13/2022
,W10,SEIN,Bukalapak,,,,,,,'',,['6.2'],NA,IDR,,Rp1850000,Rp1850000,NA,THE NEW DAY,['99%'],NA,Unauthorized,Yes,NA,NA,No,['5.0'],NA,NA,"['GARANSI RESMI 1 TAHUN', 'BARU DALAM DUS DAN TERSEGEL.', 'Ready Stock And Limited Stock', 'HARGA PROMO !!!', 'Samsung M12', 'RAM 4 GB ROM 64GB', 'Ready : Warna hitam dan biru', 'Barang Dijamin Original , Garansi Resmi (Samsung Indonesia) 1 Tahun', 'Klo Gak ORi Dan Gak Garansi Resmi Ane Refund 100%', 'irim pake Jne , Gojek , J&T ,Grab , anteraja, si cepat', 'Bagi Yang Mau order/tanya silakan Pm / chat', 'Catatan: Barang masih Baru dan segel resmi.', 'Bila ada keluhan atas barang selama masa garansi diluar kesalahan pengguna, silahkan di klaim langsung', 'Fitur unggulan :', '- Display 6.5 HD+ PLS Infinity-V Display 90 Hz', '- Dimension 164 x 75.9 x 9.7 mm', '- Generation 4G', '- Front Camera 8MP', '- rear Camera 48MP + 5MP + 2MP + 2MP', '- Memory RAM + ROM (GB) : 4+64 GB', '- Battery 5000 mAh (15 W FC)', '- Side Fingerprint', 'Samsung M12 menggunakan chipset Exynos 850 dan GPU Mali-G52, lengkap dengan dukungan OS Android 11 serta antarmuka One UI Core 3.1 terbaru dari Samsung.', 'Tersedia dua konfigurasi penyimpanan yang nantinya bisa dipilih, masing-masing 3/32GB dan 4/64GB. Penyimpanan masih bisa ditambah dengan microSD dengan kapasitas maksimal 1TB.', 'Lanjut ke kamera. Samsung M12 menggunakan empat buah kamera utama dengan masing-masing memiliki sensor 48MP (wide), 5MP (ultrawide), 2MP (macro), dan 2MP (depth). Di bagian depan ada kamera selfie 8MP dalam notch Infinity-V khas Samsung.', 'Ciri khas baterai besar lini Galaxy M Series tetap terjaga pada varian baru ini. Samsung M12 dilengkapi baterai 5.000 mAh, lengkap dengan pengisian daya cepat 15W.']",https://www.bukalapak.com/p/handphone/hp-smartphone/hp-android/4g409nj-jual-samsung-galaxy-m12-ram-4-gb-rom-64gb-garansi-resmi-sein,,Samsung,,,https://www.bukalapak.com/p/handphone/hp-smartphone/hp-android/4g409nj-jual-samsung-galaxy-m12-ram-4-gb-rom-64gb-garansi-resmi-sein,,,['1 Tahun'],03/13/2022 09:08:51,NA,NA,03/13/2022
,W10,SEIN,Bukalapak,,,,,,,'',,['7'],NA,IDR,,Rp2799000,"Rp2799000,  Hemat 4%",NA,Gojap,['99%'],NA,Unauthorized,Yes,NA,NA,No,['5.0'],NA,NA,"['100% Original', '100% Garansi Resmi Samsung Indonesia', '100% Imei Resmi Terdaftar', 'Jaminan dana kembali utuh jika bukan original', 'Samsung Galaxy M22 NFC', 'Prosesor', 'CPU Speed2GHz, 1.8GHzCPU TypeOcta-Core', 'Display', 'Size (Main_Display)162.3mm (6.4"" full rectangle) / 158.9mm (6.3"" rounded corners)', 'Resolution (Main Display)720 x 1600 (HD+)', 'Technology (Main Display)', 'Super AMOLED', 'Color Depth (Main Display)16M', 'Camera', 'Rear Camera - Resolution (Multiple)48.0 MP + 8.0 MP + 2.0 MP + 2.0 MP', 'Rear Camera - F Number (Multiple)F2.0 , F2.2 , F2.4 , F2.4', 'Main Camera - Auto FocusYes', 'Rear Camera - OISNo', 'Rear Camera Zoom', 'Digital Zoom up to 10x', 'Front Camera - Resolution13.0 MP', 'Front Camera - F NumberF2.2', 'Front Camera - Auto FocusNo', 'Front Camera - OISNo', 'Main Camera - FlashYes', 'Front Camera - FlashNo', 'Video Recording Resolution', 'FHD (1920 x 1080) @30fps', 'Slow Motion120fps @HD', 'Memory', 'RAM Size (GB)6ROM Size (GB)128', 'Available Memory (GB)*45.8', 'External Memory Support', 'MicroSD (Up to 1TB)', 'Network/Bearer', 'Number of SIM', 'Dual-SIM', 'SIM size', 'Nano-SIM (4FF)', 'SIM Slot Type', 'SIM + SIM 2 + MicroSD', 'Connectivity', 'USB Interface', 'USB Type-C', 'USB Version', 'USB 2.0', 'Location Technology', 'GPS, Glonass, Beidou, Galileo', 'Earjack3.5mm Stereo', 'MHLNo', 'Wi-Fi802.11 a/b/g/n/ac 2.4+5GHz', 'Wi-Fi DirectYes', 'Bluetooth Version', 'Bluetooth v5.0', 'NFCYes', 'PC Sync.Smart Switch (PC version)', 'Sensors', 'Accelerometer, Fingerprint Sensor, Gyro Sensor, Geomagnetic Sensor, Virtual Light Sensing, Virtual Proximity Sensing', 'Battery', 'Battery Capacity', '5000 mAh']",https://www.bukalapak.com/p/handphone/hp-smartphone/hp-android/4grj7tv-jual-samsung-galaxy-m22-nfc-garansi-resmi,,Samsung,,,https://www.bukalapak.com/p/handphone/hp-smartphone/hp-android/4grj7tv-jual-samsung-galaxy-m22-nfc-garansi-resmi,,,['1 Tahun'],03/13/2022 09:09:01,NA,NA,03/13/2022
,W10,SEIN,Bukalapak,,,,,,,'',,['Resmi Lokal'],NA,IDR,,Rp1495000,Rp1495000,NA,CJ7,['99%'],NA,Unauthorized,Yes,NA,NA,No,['5.0'],NA,NA,"['GARANSI RESMI SEIN SAMSUNG INDONESIA', '100 % Baru dan imei terdaftar resmi di kemenperin.', 'ready stok silakan di order..', 'packing bubble : ', 'Spesifikasi :', 'NETWORK\tTechnology\t', 'GSM / HSPA / LTE', 'LAUNCH\tAnnounced\t2021, January 27', 'Status\tAvailable. Released 2021, January 27', 'BODY\tDimensions\t164 x 75.9 x 9.1 mm (6.46 x 2.99 x 0.36 in)', 'Weight\t206 g (7.27 oz)', 'Build\tGlass front, plastic back, plastic frame', 'SIM\tSingle SIM (Nano-SIM) or Dual SIM (Nano-SIM, dual stand-by)', 'DISPLAY\tType\tPLS IPS', 'Size\t6.5 inches, 102.0 cm2 (~81.9% screen-to-body ratio)', 'Resolution\t720 x 1600 pixels, 20:9 ratio (~270 ppi density)', 'PLATFORM\tOS\tAndroid 10, upgradable to Android 11, One UI 3.1', 'Chipset\tMediatek MT6739W (28 nm)', 'CPU\tQuad-core 1.5 GHz Cortex-A53', 'GPU\tPowerVR GE8100', 'MEMORY\tCard slot\tmicroSDXC (dedicated slot)', 'Internal\t32GB 2GB RAM, 32GB 3GB RAM, 32GB 4GB RAM, 64GB 3GB RAM', ' \teMMC 5.1', 'MAIN CAMERA\tDual\t13 MP, f/1.9, (wide), AF', '2 MP, f/2.4, (macro)', 'Features\tLED flash', 'Video\t1080p@30fps', 'SELFIE CAMERA\tSingle\t5 MP, f/2.0', 'Video\t', 'SOUND\tLoudspeaker\tYes', '3.5mm jack\tYes', 'COMMS\tWLAN\tWi-Fi 802.11 b/g/n, Wi-Fi Direct, hotspot', 'Bluetooth\t5.1, A2DP, LE', 'GPS\tYes, with A-GPS, GLONASS', 'NFC\tNo', 'Radio\tFM radio', 'USB\tmicroUSB 2.0', 'FEATURES\tSensors\tAccelerometer', ' \tVirtual proximity sensing', 'BATTERY\tType\tLi-Po 5000 mAh, non-removable']",https://www.bukalapak.com/p/handphone/hp-smartphone/hp-android/4gm4ce7-jual-samsung-galaxy-a02-3-32-ram-3gb-rom-32gb-garansi-resmi-samsung,,Samsung,,,https://www.bukalapak.com/p/handphone/hp-smartphone/hp-android/4gm4ce7-jual-samsung-galaxy-a02-3-32-ram-3gb-rom-32gb-garansi-resmi-samsung,,,['Support MicroSD'],03/13/2022 09:09:11,NA,NA,03/13/2022
,W10,SEIN,Bukalapak,,,,,,,'',,"['4G - LTE, 3G, Wifi, Bluetooth, GPS Navigation, Touchscreen, QWERTY Keyboard']",NA,IDR,,Rp3690000,Rp3690000,NA,Click Ponsel,['99%'],NA,Unauthorized,Yes,NA,NA,No,['4.9'],NA,NA,"['SAMSUNG GALAXY NOTE 9 RAM 6GB INTERNAL 128GB', 'Warna (mohon dikonfirmasi lagi sebelum membeli) :', '* Midnight Black', '* Blue', 'Kelengkapan Produk :', '* Smartphone', '* Box OEM', '* Earphone OEM', '* Charger + Cable OEM', 'Penjelasan Produk :', '* Barang bekas original', '* Kondisi Fisik -+95% lecet pemakaian', '* Baterai masih awet', '* Fungsi mesin normal', '* Fullset lengkap dengan accecories', '* Bisa menggunakan semua operator di indonesia', 'Spesifikasi :', '* 4G LTE', '* Single SIM (Nano)', '* Layar 6.4 inches', '* Dimensi 161.9 x 76.4 x 8.8 mm (6.37 x 3.01 x 0.35 in)', '* Dual Camera 12 MP, f/1.5-2.4, 26mm (wide), 1/2.55"", 1.4m, dual pixel PDAF, OIS, 12 MP, f/2.4, 52mm (telephoto), 1/3.4"", 1.0m, AF, OIS, 2x optical zoom', '* Kamera Depan 8 MP, f/1.7, 25mm (wide), 1/3.6"", 1.22m, AF', '* Android OS 9', '* Battery 4000 mAh', '* Qualcomm Snapdragon 845', '* RAM 6GB', 'Untuk pertanyaan lebih lanjut bisa chat atau pun menghubungi kontak di bawah', 'Segel Rusak, Hilang, Sobek, Jatuh, Pecah atau pun human error / kesalahan pengguna = Garansi Hangus', 'Mohon di ingat unit dari samsung water resist bukan waterproof jika belum mengerti artinya bisa di google bedanya jadi unit baru pun jika terkena air tidak akan di garansikan oleh samsung, jika unit terkena air dan mati total termasuk kesalahan pengguna / Tidak bergaransi']",https://www.bukalapak.com/p/handphone/hp-smartphone/hp-android/1n9vcdq-jual-samsung-galaxy-note-9-128-gb-ram-6-gb-bekas-second-fullset,,Samsung,,,https://www.bukalapak.com/p/handphone/hp-smartphone/hp-android/1n9vcdq-jual-samsung-galaxy-note-9-128-gb-ram-6-gb-bekas-second-fullset,,,['Tidak Bergaransi'],03/13/2022 09:09:26,NA,NA,03/13/2022
,W10,SEIN,Bukalapak,,,,,,,'',,['6.5'],NA,IDR,,Rp1799000,"Rp1799000,  Hemat 9%",NA,Samsung Official Store,['93%'],NA,Unauthorized,Yes,NA,NA,No,['5.0'],NA,NA,[],https://www.bukalapak.com/p/handphone/hp-smartphone/hp-android/4fqwmya-jual-samsung-m12-3-32-4-64-gb-ram-3-4-rom-32-64-resmi-sein,,Samsung,,,https://www.bukalapak.com/p/handphone/hp-smartphone/hp-android/4fqwmya-jual-samsung-m12-3-32-4-64-gb-ram-3-4-rom-32-64-resmi-sein,,,['1 Tahun'],03/13/2022 09:09:38,NA,NA,03/13/2022
,W10,SEIN,Bukalapak,,,,,,,'',,['6.2'],NA,IDR,,Rp2149000,Rp2149000,NA,STAR SHOP,['99%'],NA,Unauthorized,Yes,NA,NA,No,['5.0'],NA,NA,"['SAMSUNG GALAXY A12 RAM 4/128GB', 'WARNA : BLACK ,BLUE,WHITE', '(untuk pilihan warna silakan tulis dicatatan pembeli)', 'FULL BONUS ', 'BONUS DAPAT SEMUANYA.', 'NOTE:Agar lebih aman dalam pengiriman ekpedisi dan Safety Packing Dus tambahan CUMA 2 ribu saja.', 'STOK READY ,LANGSUNG SAJA DI ORDER YA KAK', 'BERGARANSI RESMI SAMSUNG INDONESIA 1 TAHUN(SEIN)', 'SERVIS BEBAS CLAIM DI SELURUH INDONESIA', 'BARANG RESMI DAN TERSEGEL ', 'IMEI RESMI TERDAFTAR DI KOMEMPERIN', 'BONUS', '-HEADSET ORI ', '-TEMPERED GLASS (anti gores kaca)', '-SOFCASE PROTECTIVE CAMERA', '1paket, jadi gak usah beli CASE /TG lagi ,Tinggal Pakei saja..BOSSKU', 'NOTE:DALAM PAKET PENJUALAN TIDAK DAPAT HEADSET/HANDFREE BAWAAN YA KAK!', 'BONUS PASTI DAPAT', 'NETWORK\tTechnology\t', 'GSM / HSPA / LTE', 'BODY\t', 'Dimensions\t164 x 75.8 x 8.9 mm (6.46 x 2.98 x 0.35 in)', 'Weight\t205 g (7.23 oz)', 'Build\tGlass front, plastic back, plastic frame', 'SIM\tSingle SIM (Nano-SIM) or Dual SIM (Nano-SIM, dual stand-by)', 'DISPLAY\t', 'Type\tPLS IPS', 'Size\t6.5 inches, 106.7 cm2 (~85.8% screen-to-body ratio)', 'Resolution\t720 x 1600 pixels, 20:9 ratio (~264 ppi density)', 'PLATFORM\tOS', 'Android 10', 'Chipset\tMediatek MT6765 Helio P35 (12nm)', 'CPU\tOcta-core (4x2.35 GHz Cortex-A53 & 4x1.8 GHz Cortex-A53)', 'GPU\tPowerVR GE8320', 'MEMORY', 'Card slot\tmicroSDXC (dedicated slot)', 'Internal\t128GB 6GB RAMeMMC 5.1', 'MAIN CAMERA', 'Quad\t48 MP, f/2.0, 26mm (wide), AF', '5 MP, f/2.2, 123 (ultrawide)', '2 MP, f/2.4, (macro)', '2 MP, f/2.4, (depth)', 'Features\tLED flash, panorama, HDR', 'Video\t1080p@30fps', 'SELFIE CAMERA\t', 'Single\t8 MP, f/2.2', 'Video\t1080p@30fps', 'SOUND\tLoudspeaker\tYes', '3.5mm jack\tYes', 'COMMS\tWLAN', 'Wi-Fi 802.11 b/g/n, Wi-Fi Direct, hotspot', 'Bluetooth\t5.0, A2DP, LE', 'GPS\tYes, with A-GPS, GLONASS, GALILEO, BDS', 'Radio\tUnspecified', 'USB\tUSB Type-C 2.0', 'FEATURES\t', 'Sensors\tFingerprint (side-mounted), accelerometer', 'BATTERY\tType\tLi-Po 5000 mAh, non-removable', 'Charging\tFast charging 15W']",https://www.bukalapak.com/p/handphone/hp-smartphone/hp-android/46mmhh3-jual-samsung-galaxy-a12-ram-4-128gb-garansi-resmi-samsung-indonesia,,Samsung,,,https://www.bukalapak.com/p/handphone/hp-smartphone/hp-android/46mmhh3-jual-samsung-galaxy-a12-ram-4-128gb-garansi-resmi-samsung-indonesia,,,['1 Tahun'],03/13/2022 09:09:46,NA,NA,03/13/2022
,W10,SEIN,Bukalapak,,,,,,,'',,"['4G - LTE, e-mail, Front Camera, 3G, Wifi, QWERTY Keyboard, Bluetooth, Touchscreen']",NA,IDR,,Rp3480000,"Rp3480000,  Hemat 1%",NA,Samsung Official Store,['93%'],NA,Unauthorized,Yes,NA,NA,No,['5.0'],NA,NA,[],https://www.bukalapak.com/p/handphone/hp-smartphone/hp-android/4dwk3ey-jual-hp-samsung-a32-6gb-8gb-128gb-kamera-4k-amoled-galaxy-android-nfc-ram-6-8-rom-128-5000-mah-garansi-resmi,,Samsung,,,https://www.bukalapak.com/p/handphone/hp-smartphone/hp-android/4dwk3ey-jual-hp-samsung-a32-6gb-8gb-128gb-kamera-4k-amoled-galaxy-android-nfc-ram-6-8-rom-128-5000-mah-garansi-resmi,,,['Resmi Lokal'],03/13/2022 09:09:58,NA,NA,03/13/2022
,W10,SEIN,Bukalapak,,,,,,,'',,[],NA,IDR,,Rp2950000,Rp2950000,NA,Click Ponsel,['99%'],NA,Unauthorized,Yes,NA,NA,No,['4.7'],NA,NA,[],https://www.bukalapak.com/p/handphone/hp-smartphone/hp-android/3gh11tm-jual-samsung-galaxy-note-8-ram-6-gb-64gb-bekas-second-mulus,,Samsung,,,https://www.bukalapak.com/p/handphone/hp-smartphone/hp-android/3gh11tm-jual-samsung-galaxy-note-8-ram-6-gb-64gb-bekas-second-mulus,,,[],03/13/2022 09:10:10,NA,NA,03/13/2022
,W10,SEIN,Bukalapak,,,,,,,'',,['6.2'],NA,IDR,,Rp2849000,Rp2849000,NA,Dynasty Gadget,['100%'],NA,Unauthorized,Yes,NA,NA,No,['5.0'],NA,NA,"['Samsung Galaxy A22', 'NETWORK', 'Technology : GSM / HSPA / LTE', '2G bands : GSM 850 / 900 / 1800 / 1900 - SIM 1 & SIM 2 (dual-SIM only)', '3G bands : HSDPA 850 / 900 / 2100', '4G bands : 1, 3, 5, 7, 8, 20, 28, 38, 40, 41', 'Speed : HSPA 42.2/5.76 Mbps, LTE-A', 'LAUNCH', 'Announced : 2021, June 03', 'Status : Available. ', 'Released : 2021, July 01', 'BODY', 'Dimensions : 159.3 x 73.6 x 8.4 mm (6.27 x 2.90 x 0.33 in)', 'Weight : 186 g (6.56 oz)', 'Build: Glass front, plastic frame, plastic back', 'SIM : Single SIM (Nano-SIM) or Dual SIM (Nano-SIM, dual stand-by)', 'DISPLAY', 'Type : Super AMOLED, 90Hz, 600 nits (HDR)', 'Size : 6.4 inches, 98.9 cm2(~84.3% screen-to-body ratio)', 'Resolution : 720 x 1600 pixels, 20:9 ratio (~274 ppi density)', 'PLATFORM', 'OS : Android 11, One UI Core 3.1', 'Chipset : Mediatek Helio G80 (12 nm)', 'CPU : Octa-core (2x2.0 GHz Cortex-A75 & 6x1.8 GHz Cortex-A55)', 'GPU: Mali-G52 MC2', 'MEMORY', 'Card slot : microSDXC (dedicated slot)', 'Internal : 64GB 4GB RAM, 128GB 4GB RAM, 128GB 6GB RAMeMMC 5.1', 'MAIN CAMERA', 'Quad : 48 MP, f/1.8, (wide), PDAF, OIS', '8 MP, f/2.2, 123 (ultrawide), 1/4.0"", 1.12m', '2 MP, f/2.4, (macro)', '2 MP, f/2.4, (depth)', 'Features: LED flash, panorama, HDR', 'Video : 1080p@30fps', 'SELFIE CAMERA', 'Single : 13 MP, f/2.2, (wide), 1/3.1"", 1.12m', 'Video : 1080p@30fps', 'SOUND', 'Loudspeaker: Yes', '3.5mm jack: Yes', 'COMMS', 'WLAN : Wi-Fi 802.11 a/b/g/n/ac, dual-band, Wi-Fi Direct, hotspot', 'Bluetooth : 5.0, A2DP, LE', 'GPS : Yes, with A-GPS, GLONASS, GALILEO, BDS', 'NFC : No', 'Radio : Unspecified', 'USB : USB Type-C 2.0', 'FEATURES', 'Sensors : Fingerprint (side-mounted), accelerometer, gyro, compass', 'Messaging: SMS(threaded view), MMS, Email, Push Email, IM', 'Browser : HTML5Virtual proximity sensing', 'BATTERY', 'Type : Li-Po 5000 mAh, non-removable', 'Charging : Fast charging 15W']",https://www.bukalapak.com/p/handphone/hp-smartphone/hp-android/4g53ewv-jual-samsung-a22-4g-ram-6-128-gb-garansi-resmi,,Samsung,,,https://www.bukalapak.com/p/handphone/hp-smartphone/hp-android/4g53ewv-jual-samsung-a22-4g-ram-6-128-gb-garansi-resmi,,,['1 Tahun'],03/13/2022 09:10:18,NA,NA,03/13/2022
,W10,SEIN,Bukalapak,,,,,,,'',,['6.2'],NA,IDR,,Rp2399000,Rp2399000,NA,Queen shop,['99%'],NA,Unauthorized,Yes,NA,NA,No,['5.0'],NA,NA,"['SAMSUNG GALAXY A12 6/128GB', '100%ORIGINAL DAN TERSEGEL RESMI', 'GARANSI RESMI SEIN SAMSUNG INDONESIA', 'WARNA TERSEDIA ', '- HITAM', '- BIRU', '- PUTIH', 'BONUS', '-POWER BANK 12000mAh(slim)', '-TEMPERED GLASS', '-KARTU PERDANA', 'Spesifikasi :', 'Networks: GSM/HSPA/LTE', 'Dimensions: 164 x 75.8 x 8.9 mm (6.46 x 2.98 x 0.35 in)', 'Weight: 205 g (7.23 oz)', 'Build: Glass front, plastic haze &amp; mate', 'SIM: Dual Nano SIM', 'Display Type: TFT', 'Size: 6.5 inches, 103.7 cm2 (~83.4% screen-to-body ratio)', 'Resolution: 720 x 1560 pixels, 19.5:9 ratio (~264 ppi density)', 'OS: Android 10', 'Prosesor: Mediatek Helio P35', 'Card slot: microSDXC', 'Main Camera: Quad Camera : 48MP + 5MP + 2MP + 2MP', 'Selfie Camera: 8MP', 'Loudspeaker: Yes', '3.5mm jack: Yes', 'WLAN: Yes', 'Bluetooth: Yes', 'GPS: Yes, with A-GPS, GLONASS, GALILEO, BDS', 'Radio: Unspecified', 'USB: USB Type-C 2.0', 'Sensors: Fingerprint (side-mounted); unspecified sensors', 'Battery: Li-Po 5000 mAh, non-removable', 'Charging: Fast charging 15W']",https://www.bukalapak.com/p/handphone/hp-smartphone/hp-android/46sfcaq-jual-samsung-galaxy-a12-ram-6-128gb-garansi-resmi-sein,,Samsung,,,https://www.bukalapak.com/p/handphone/hp-smartphone/hp-android/46sfcaq-jual-samsung-galaxy-a12-ram-6-128gb-garansi-resmi-sein,,,['1 Tahun'],03/13/2022 09:10:33,NA,NA,03/13/2022
,W10,SEIN,Bukalapak,,,,,,,'',,['1.8'],NA,IDR,,Rp2699000,"Rp2699000,  Hemat 13%",NA,IRGI_STORE,['99%'],NA,Unauthorized,Yes,NA,NA,No,['4.8'],NA,NA,[],https://www.bukalapak.com/p/handphone/hp-smartphone/hp-android/49d6653-jual-samsung-a12-a-12-ram-6-128-grass-garansi-resmi,,Samsung,,,https://www.bukalapak.com/p/handphone/hp-smartphone/hp-android/49d6653-jual-samsung-a12-a-12-ram-6-128-grass-garansi-resmi,,,['1 Tahun'],03/13/2022 09:11:09,NA,NA,03/13/2022
,W10,SEIN,Bukalapak,,,,,,,'',,[],NA,IDR,,Rp1895000,Rp1895000,NA,Daton Shop,['100%'],NA,Unauthorized,Yes,NA,NA,No,['5.0'],NA,NA,[],https://www.bukalapak.com/p/handphone/hp-smartphone/hp-android/4fhy251-jual-samsung-galaxy-m12-ram-4gb-rom-64gb-garansi-resmi,,Samsung,,,https://www.bukalapak.com/p/handphone/hp-smartphone/hp-android/4fhy251-jual-samsung-galaxy-m12-ram-4gb-rom-64gb-garansi-resmi,,,[],03/13/2022 09:11:14,NA,NA,03/13/2022
,W10,SEIN,Bukalapak,,,,,,,'',,[],NA,IDR,,Rp3025000,Rp3025000,NA,Daton Shop,['100%'],NA,Unauthorized,Yes,NA,NA,No,['5.0'],NA,NA,[],https://www.bukalapak.com/p/handphone/hp-smartphone/hp-android/4g6hibm-jual-samsung-galaxy-m32-ram-8gb-rom-128gb-garansi-resmi,,Samsung,,,https://www.bukalapak.com/p/handphone/hp-smartphone/hp-android/4g6hibm-jual-samsung-galaxy-m32-ram-8gb-rom-128gb-garansi-resmi,,,[],03/13/2022 09:11:28,NA,NA,03/13/2022
,W10,SEIN,Bukalapak,,,,,,,'',,['1 Tahun'],NA,IDR,,Rp3499000,"Rp3499000,  Hemat 52%",NA,Gojap,['100%'],NA,Unauthorized,Yes,NA,NA,No,['4.9'],NA,NA,[],https://www.bukalapak.com/p/handphone/hp-smartphone/hp-android/aianin-jual-samsung-j5-pro,,Samsung,,,https://www.bukalapak.com/p/handphone/hp-smartphone/hp-android/aianin-jual-samsung-j5-pro,,,['Android'],03/13/2022 09:11:40,NA,NA,03/13/2022
,W10,SEIN,Bukalapak,,,,,,,'',,[],NA,IDR,,Rp5750000,Rp5750000,NA,sellularstore76,['99%'],NA,Unauthorized,Yes,NA,NA,No,[],NA,NA,"['SAMSUNG A52S 5G 8/256GB', 'Qualcomm Snapdragon 778G 5G', '8GB RAM + 256GB ROM', 'Single camera 32 MP, f/2.2, 26mm (wide)', 'Quad camera 64 MP, f/1.8, 26mm (wide); 12 MP, f/2.2, 123 (ultrawide); 5 MP, f/2.4, (macro); 5 MP, f/2.4, (depth)', '4.500 mAh', 'Fast charging 25W', 'Garansi dijamin Resmi, barang original 100%', '.', 'Spesifikasi lengkap bisa cek digoogle ya sist/gan', '.', '.', 'Harap konfirmasi terlebih dahulu untuk warna dan persediaan barang', '.', '.', 'Syarat: Khusus untuk oppo, Samsung dan vivo kotak harus di buka untuk pengambilan kartu garansi untuk toko. ', 'keadaan Barang rapih kami packing/wrapping ulang.', '.', '.', 'order kami anggap setuju dengan syarat yg berlaku', '.', 'Happy Shopping']",https://www.bukalapak.com/p/handphone/hp-smartphone/hp-android/4h47j0y-jual-samsung-a52s-5g-8-256-gb-nfc,,Samsung,,,https://www.bukalapak.com/p/handphone/hp-smartphone/hp-android/4h47j0y-jual-samsung-a52s-5g-8-256-gb-nfc,,,[],03/13/2022 09:11:59,NA,NA,03/13/2022
,W10,SEIN,Bukalapak,,,,,,,'',,[],NA,IDR,,Rp158000,Rp158000,NA,Harga grosir shop online,['99%'],NA,Unauthorized,Yes,NA,NA,No,['4.6'],NA,NA,[],https://www.bukalapak.com/p/handphone/hp-smartphone/feature-phone/n1lopn-jual-samsung-lipat-flip-caramel-gt-e1272-samsung-murah-hp-new-bisa-bahasa-indonesia-handphone,,Samsung,,,https://www.bukalapak.com/p/handphone/hp-smartphone/feature-phone/n1lopn-jual-samsung-lipat-flip-caramel-gt-e1272-samsung-murah-hp-new-bisa-bahasa-indonesia-handphone,,,[],03/13/2022 09:12:03,NA,NA,03/13/2022
,W10,SEIN,Bukalapak,,,,,,,'',,['6.2'],NA,IDR,,Rp1859500,Rp1859500,NA,MACC,['100%'],NA,Unauthorized,Yes,NA,NA,No,['5.0'],NA,NA,[],https://www.bukalapak.com/p/handphone/hp-smartphone/hp-android/4fgck9j-jual-samsung-galaxy-m12-ram-4-64-gb-garansi-resmi,,Samsung,,,https://www.bukalapak.com/p/handphone/hp-smartphone/hp-android/4fgck9j-jual-samsung-galaxy-m12-ram-4-64-gb-garansi-resmi,,,['1 Tahun'],03/13/2022 09:12:09,NA,NA,03/13/2022
,W10,SEIN,Bukalapak,,,,,,,'',,['5.7'],NA,IDR,,Rp2357500,Rp2357500,NA,MACC,['100%'],NA,Unauthorized,Yes,NA,NA,No,['4.9'],NA,NA,"['Samsung A12 Ram 6/128 Gb', 'Garansi Resmi sein', 'New original', 'Ready Black..Blue..White', 'Bundling perdana sdh tdk ada yaa', 'Link Aksesoris']",https://www.bukalapak.com/p/handphone/hp-smartphone/hp-android/48b5r9h-jual-samsung-a12-ram-6-128-gb-garansi-resmi,,Samsung,,,https://www.bukalapak.com/p/handphone/hp-smartphone/hp-android/48b5r9h-jual-samsung-a12-ram-6-128-gb-garansi-resmi,,,['1 Tahun'],03/13/2022 09:12:14,NA,NA,03/13/2022
,W10,SEIN,Bukalapak,,,,,,,'',,['1.8'],NA,IDR,,Rp6500000,Rp6500000,NA,IMMORTAL,['99%'],NA,Unauthorized,Yes,NA,NA,No,['5.0'],NA,NA,"['Processor 778G', 'Display 6.5"" Super AMOLED FHD+', 'Connectivity 5G Ready', 'Rear Camera 64 MP OIS + 12 MP + 5 MP + 5 MP', 'Front Camera 32 MP', 'RAM 8GB', 'Internal Storage 256GB', 'Battery 4500mAh']",https://www.bukalapak.com/p/handphone/hp-smartphone/hp-android/4gqo1sj-jual-samsung-a52s-5g-8gb-256gb-garansi-resmi,,Samsung,,,https://www.bukalapak.com/p/handphone/hp-smartphone/hp-android/4gqo1sj-jual-samsung-a52s-5g-8gb-256gb-garansi-resmi,,,['1 Tahun'],03/13/2022 09:12:24,NA,NA,03/13/2022
,W10,SEIN,Bukalapak,,,,,,,'',,['6.2'],NA,IDR,,Rp2349000,Rp2349000,NA,MITRA PHONE,['99%'],NA,Unauthorized,Yes,NA,NA,No,['5.0'],NA,NA,"['SAMSUNG GALAXY A12 [6/128GB]', 'BONUS :', '*TEMPERED GLASS(Full Screen)', '*KARTU PERDANA', 'STOK READY ,LANGSUNG SAJA DI ORDER YA KAK', 'WARNA :BLACK, BLUE, WHITE)', 'BERGARANSI RESMI SAMSUNG INDONESIA 1 TAHUN(SEIN)', 'SERVIS BEBAS CLAIM DI SELURUH INDONESIA', 'BARANG RESMI DAN TERSEGEL ', 'IMEI RESMI TERDAFTAR DI KOMENPERIN', 'NETWORK\tTechnology\t', 'GSM / HSPA / LTE', 'BODY\t', 'Dimensions\t164 x 75.8 x 8.9 mm (6.46 x 2.98 x 0.35 in)', 'Weight\t205 g (7.23 oz)', 'Build\tGlass front, plastic back, plastic frame', 'SIM\tSingle SIM (Nano-SIM) or Dual SIM (Nano-SIM, dual stand-by)', 'DISPLAY\t', 'Type\tPLS IPS', 'Size\t6.5 inches, 106.7 cm2 (~85.8% screen-to-body ratio)', 'Resolution\t720 x 1600 pixels, 20:9 ratio (~264 ppi density)', 'PLATFORM\tOS', 'Android 10', 'Chipset\tMediatek MT6765 Helio P35 (12nm)', 'CPU\tOcta-core (4x2.35 GHz Cortex-A53 & 4x1.8 GHz Cortex-A53)', 'GPU\tPowerVR GE8320', 'MEMORY', 'Card slot\tmicroSDXC (dedicated slot)', 'Internal\t128GB 6GB RAMeMMC 5.1', 'MAIN CAMERA', 'Quad\t48 MP, f/2.0, 26mm (wide), AF', '5 MP, f/2.2, 123 (ultrawide)', '2 MP, f/2.4, (macro)', '2 MP, f/2.4, (depth)', 'Features\tLED flash, panorama, HDR', 'Video\t1080p@30fps', 'SELFIE CAMERA\t', 'Single\t8 MP, f/2.2', 'Video\t1080p@30fps', 'SOUND\tLoudspeaker\tYes', '3.5mm jack\tYes', 'COMMS\tWLAN', 'Wi-Fi 802.11 b/g/n, Wi-Fi Direct, hotspot', 'Bluetooth\t5.0, A2DP, LE', 'GPS\tYes, with A-GPS, GLONASS, GALILEO, BDS', 'Radio\tUnspecified', 'USB\tUSB Type-C 2.0', 'FEATURES\t', 'Sensors\tFingerprint (side-mounted), accelerometer', 'BATTERY\tType\tLi-Po 5000 mAh, non-removable', 'Charging\tFast charging 15W']",https://www.bukalapak.com/p/handphone/hp-smartphone/hp-android/47o2afy-jual-samsung-galaxy-a12-ram-6-128gb-resmi-samsung-sein,,Samsung,,,https://www.bukalapak.com/p/handphone/hp-smartphone/hp-android/47o2afy-jual-samsung-galaxy-a12-ram-6-128gb-resmi-samsung-sein,,,['1 Tahun'],03/13/2022 09:12:37,NA,NA,03/13/2022
,W10,SEIN,Bukalapak,,,,,,,'',,['6.4'],NA,IDR,,Rp1855000,Rp1855000,NA,CV.GARDENCELL,['97%'],NA,Unauthorized,Yes,NA,NA,No,['5.0'],NA,NA,[],https://www.bukalapak.com/p/handphone/hp-smartphone/hp-android/4fsdrj1-jual-samsung-galaxy-m12-ram-4-64gb-garansi-resmi,,Samsung,,,https://www.bukalapak.com/p/handphone/hp-smartphone/hp-android/4fsdrj1-jual-samsung-galaxy-m12-ram-4-64gb-garansi-resmi,,,['1 Tahun'],03/13/2022 09:12:46,NA,NA,03/13/2022
,W10,SEIN,Bukalapak,,,,,,,'',,"['QWERTY Keyboard, FM Radio, e-mail']",NA,IDR,,Rp154000,"Rp154000,  Hemat 6%",NA,rikydos santos aveiro,['89%'],NA,Unauthorized,Yes,NA,NA,No,['4.3'],NA,NA,"['MOHON ASURANSIKAN PAKET ANDA DENGAN CARA PILIH VARIAN PRODUK + ASURANSI UNTUK MENGHINDARI RESIKO PAKET HILANG. KAMI TIDAK MENANGGUNG/MENGGANTI APABILA  MEMBELI PRODUK TANPA ASURANSI', 'Samsung Lipat Caramel GT-E1272 ', 'kelengkapan :', 'box,unit,baterai,charger', 'baterai dan charger tidak bergaransi', 'Garansi Personal - 1 Minggu terhitung setelah terima barang .', 'Apabila ada permintaan khusus wrapping please add to chart ke dalam pesanan utk tambahan wrapping maupun extra bubble pack :', 'Plastik Wrapping :', '/WRAPPING-PLASTIK-ALL-TYPE-i.127176168.2339983870', 'Extra buble pack : (hanya utk yg memerlukan double bubble - standar packing sdh menggunakan bubble)', '/EXTRA-BUBBLE-PACKING-i.127176168.2339999899', 'Specsifikasi :', 'NETWORK Technology', 'GSM', 'LAUNCH Announced 2013, Q4. Released 2013, Q4', 'Status Discontinued', 'BODY Dimensions 95 x 46.5 x 18 mm (3.74 x 1.83 x 0.71 in)', 'Weight 82.9 g (2.93 oz)', 'SIM Dual SIM (Mini-SIM, dual stand-by)', 'DISPLAY Type TFT, 65K colors', 'Size 1.77 inches, 9.9 cm2 (~22.3% screen-to-body ratio)', 'Resolution 128 x 160 pixels (~116 ppi density)', 'PLATFORM CPU 208 MHz', 'MEMORY Card slot No', 'Phonebook Yes', 'Call records Yes', 'Internal 32 MB, 64 MB', 'CAMERA No', 'SOUND Loudspeaker Yes', '3.5mm jack Yes', 'COMMS WLAN No', 'Bluetooth', 'GPS No', 'Radio FM radio', 'USB microUSB', 'FEATURES Sensors', 'Messaging SMS', 'Games No', 'Java', '- SNS applications', '- MP3 player', '- Photo viewer', 'BATTERY Removable Li-Ion 800 mAh battery', 'Stand-by Up to 610 h', 'Talk time Up to 11 h', 'Keterangan :', '- Mohon tanyakan ketersediaan warna yang diinginkan terlebih dahulu, karena ketersediaan warna terus berjalan sesuai orderan yang masuk', '- Cantumkan varian warna yang diinginkan dikolom keterangan ', '- Apabila ada kerusakan dari pabrikan bisa ditukar dalam waktu 3 hari setelah barang diterima, lewat dari itu masuk claim garansi', '- Ongkir retur PP ditanggung pembeli']",https://www.bukalapak.com/p/handphone/hp-smartphone/feature-phone/2577u1g-jual-samsung-lipat-caramel-gt-e1272-garansi-resmi,,Samsung,,,https://www.bukalapak.com/p/handphone/hp-smartphone/feature-phone/2577u1g-jual-samsung-lipat-caramel-gt-e1272-garansi-resmi,,,['GSM'],03/13/2022 09:12:54,NA,NA,03/13/2022
,W10,SEIN,Bukalapak,,,,,,,'',,"['4G - LTE, Memory Card Slots, Fingerprint Sensor, Wireless Charging, Dual Sim Card']",NA,IDR,,Rp1450000,Rp1450000,NA,MisterBB Depok Store,['100%'],NA,Unauthorized,Yes,NA,NA,No,['4.5'],NA,NA,"['SAMSUNG GALAXY S8 64GB DUAL SIM RESMI SEIN', 'Hp murah berkualitas dan bergaransi bos. silahkan merapat bos barang terbatas..', 'Kondisi :', '- android Oreo 8.0 / Pie 9.0', '- Dual Sim GSM', '- Layar 5.8inch', '- Ram 4GB', '- internal 64gb', '- Fisik 93% overal mulus sesuai foto, cek foto detail bosku ', '- 100% lancar jaya', '- kamera belakang 12MP', '- Kamera depan 8MP', '- Fingerprint lancar jaya', '- irish scanner lancar jaya', '- Layar masih super amoled ada shadow tebal sesuai foto, bisa pakai mode malam atau thema full black', '- Touchscreen lancar jaya', '- Original Resmi SEIN', '- sinyal 4G LTE All operator GSM', '- Baterai 3000Mah masih original', 'kelengkapan', '- unit HP original only / batangan / HP aja', 'free charger', 'stock terbatasss', 'silahkan order bosku', 'thanks bosku....']",https://www.bukalapak.com/p/handphone/hp-smartphone/204e8eq-jual-samsung-galaxy-s8-64gb-dual-resmi-sein-original-fullset-paling-murah,,Samsung,,,https://www.bukalapak.com/p/handphone/hp-smartphone/204e8eq-jual-samsung-galaxy-s8-64gb-dual-resmi-sein-original-fullset-paling-murah,,,['Dual GSM-GSM'],03/13/2022 09:13:04,NA,NA,03/13/2022
,W10,SEIN,Bukalapak,,,,,,,'',,['6.2'],NA,IDR,,Rp1297500,Rp1297500,NA,MACC,['100%'],NA,Unauthorized,Yes,NA,NA,No,['5.0'],NA,NA,[],https://www.bukalapak.com/p/handphone/hp-smartphone/hp-android/4cemadg-jual-samsung-galaxy-m02-ram-2-32-gb-garansi-resmi,,Samsung,,,https://www.bukalapak.com/p/handphone/hp-smartphone/hp-android/4cemadg-jual-samsung-galaxy-m02-ram-2-32-gb-garansi-resmi,,,['1 Tahun'],03/13/2022 09:13:15,NA,NA,03/13/2022
,W10,SEIN,Bukalapak,,,,,,,'',,['7'],NA,IDR,,Rp1199000,Rp1199000,NA,selalu ada store,['94%'],NA,Unauthorized,Yes,NA,NA,No,['4.9'],NA,NA,"['Samsung Galaxy A03 Core merupakan handphone yang dikenalkan pada November 2021 dengan mengusung layar 6.5 inch beresolusi 720 x 1600 px.', 'Samsung Galaxy A03 Core ini menawarkan kamera 8 MP (Single Lensa), memori 32 GB, 2 GB RAM, dan baterai berkapasitas 5000 mAh.', 'JARINGAN', 'Teknologi: GSM / HSDPA / LTE', 'Bandwidth: HSDPA, 42 Mbps; HSUPA, 5.76 Mbps, LTE', 'SIM Card: Nano SIM', 'Multi SIM: Dual SIM (GSM-GSM), Aktif semua', 'UMUM', 'Dimensi: 164.2 x 75.9 x 9.1 mm', 'Warna: Black, Blue', 'LAYAR', 'Tipe: TFT LCD Capacitive touchscreen, 16 juta warna', 'Ukuran: 6.5 inch, 720 x 1600 pixels (270 ppi)', 'Multitouch: Ya', 'Sensor: Accelerometer, Ambient light sensor, Proximity', 'MEMORI', 'RAM: 2 GB', 'Internal: 32 GB (eMMC 5.1)', 'Eksternal: MicroSD, 256 GB', 'PLATFORM', 'OS: Android v11', 'Chipset: Unisoc SC9863A (28 nm)', 'CPU: Octa Core 1.60 GHz, Cortex-A55 + Cortex-A55', 'GPU: PowerVR GE8322', 'Octa-core (4x1.6 GHz Cortex-A55 & 4x1.2 GH.', 'KAMERA', 'Utama (Single): 8 MP, F/2.0', 'Lampu Kilat: Ya, LED flash', 'Fitur: HDR', 'Video: Ya, 1080p@30fps', 'Depan (Single): 5 MP, F/2.2', 'KONEKTIVITAS', 'Bluetooth: Ya, v5.0, A2DP, LE, EDR', 'USB: Ya', '3.5mm Jack: Ya', 'WLAN: Ya, Wi-Fi 802.11 a/b/g/n, Wi-Fi direct, hotspot', 'LAIN-LAIN', 'Musik: Ya, MP3/AAC+/AMR/eAAC+/FLAC', 'Radio', 'GPS: GPS Built-in, A-GPS', 'Lainnya: Xvid/MP4/H.263/H.264/H265/HEVC player', 'BATERAI', 'Jenis: Li-ion 5000 mAh (Non-removable)', 'Fast Charge: Tidak']",https://www.bukalapak.com/p/handphone/hp-smartphone/hp-android/4gwi8mp-jual-samsung-a03-core-internal-32gb-ram-2gb-garansi-resmi-sein,,Samsung,,,https://www.bukalapak.com/p/handphone/hp-smartphone/hp-android/4gwi8mp-jual-samsung-a03-core-internal-32gb-ram-2gb-garansi-resmi-sein,,,['Resmi Lokal'],03/13/2022 09:13:36,NA,NA,03/13/2022
,W10,SEIN,Bukalapak,,,,,,,'',,[],NA,IDR,,Rp5750000,Rp5750000,NA,sellularstore76,['99%'],NA,Unauthorized,Yes,NA,NA,No,[],NA,NA,"['SAMSUNG A52S 5G 8/256GB', 'Qualcomm Snapdragon 778G 5G', '8GB RAM + 256GB ROM', 'Single camera 32 MP, f/2.2, 26mm (wide)', 'Quad camera 64 MP, f/1.8, 26mm (wide); 12 MP, f/2.2, 123 (ultrawide); 5 MP, f/2.4, (macro); 5 MP, f/2.4, (depth)', '4.500 mAh', 'Fast charging 25W', 'Garansi dijamin Resmi, barang original 100%', '.', 'Spesifikasi lengkap bisa cek digoogle ya sist/gan', '.', '.', 'Harap konfirmasi terlebih dahulu untuk warna dan persediaan barang', '.', '.', 'Syarat: Khusus untuk oppo, Samsung dan vivo kotak harus di buka untuk pengambilan kartu garansi untuk toko. ', 'keadaan Barang rapih kami packing/wrapping ulang.', '.', '.', 'order kami anggap setuju dengan syarat yg berlaku', '.', 'Happy Shopping']",https://www.bukalapak.com/p/handphone/hp-smartphone/hp-android/4h47hgd-jual-samsung-a52s-5g-8-256gb-cashback,,Samsung,,,https://www.bukalapak.com/p/handphone/hp-smartphone/hp-android/4h47hgd-jual-samsung-a52s-5g-8-256gb-cashback,,,[],03/13/2022 09:13:45,NA,NA,03/13/2022
,W10,SEIN,Bukalapak,,,,,,,'',,"['1.8""']",NA,IDR,,Rp18720000,"Rp18720000,  Hemat 4%",NA,Furniture Jaya,['100%'],NA,Unauthorized,Yes,NA,NA,No,[],NA,NA,"['Sepesifikasi', '- etalase 3', '-sudut 1', '-almari 2', '-Terbuat dari bahan multiflek /HPL', '-Untuk warna lis tulisan bisa riques', '-packing menggunakan kardus rangkap dua', '-harga belum termasuk ongkir', '-ongkir yang tercantum di aplikasi adalah ongkir nota tarif JNT/JNE', 'NOTE', '-Pengiriman barang lewat expedisi truks karena biaya lebih murah/hemat dan efektif', '-sedangkan untuk nota barang di kirim lewat JNT/JNE/POS', '-untuk info lebih jelasnya bisa chat/inbox dulu biar lebih jelas', '*SELAMAT BERBELANJA *']",https://www.bukalapak.com/p/handphone/hp-smartphone/hp-android/3s44g92-jual-etalase-hp-almari-etalase-etalase-konter-etalase-xiome-etalase-samsung-etalase-oppo-almari-etalase-set-etalase-hp,,Samsung,,,https://www.bukalapak.com/p/handphone/hp-smartphone/hp-android/3s44g92-jual-etalase-hp-almari-etalase-etalase-konter-etalase-xiome-etalase-samsung-etalase-oppo-almari-etalase-set-etalase-hp,,,[],03/13/2022 09:13:49,NA,NA,03/13/2022
,W10,SEIN,Bukalapak,,,,,,,'',,[],NA,IDR,,Rp5615000,Rp5615000,NA,Daton Shop,['100%'],NA,Unauthorized,Yes,NA,NA,No,['4.9'],NA,NA,[],https://www.bukalapak.com/p/handphone/hp-smartphone/hp-android/4gj10ta-jual-samsung-galaxy-a52s-5g-ram-8gb-rom-256gb-garansi-resmi,,Samsung,,,https://www.bukalapak.com/p/handphone/hp-smartphone/hp-android/4gj10ta-jual-samsung-galaxy-a52s-5g-ram-8gb-rom-256gb-garansi-resmi,,,[],03/13/2022 09:13:53,NA,NA,03/13/2022
,W10,SEIN,Bukalapak,,,,,,,'',,['1.8'],NA,IDR,,Rp1529000,Rp1529000,NA,Dynasty Gadget,['100%'],NA,Unauthorized,Yes,NA,NA,No,[],NA,NA,"['NETWORK', 'Technology\tGSM / HSPA / LTE', '2G bands\tGSM 850 / 900 / 1800 / 1900 - SIM 1 & SIM 2 (dual-SIM model only)', '3G bands\tHSDPA 850 / 900 / 2100', '4G bands\t1, 3, 5, 7, 8, 20, 28, 38, 40, 41', 'Speed\tHSPA 42.2/5.76 Mbps, LTE Cat4 150/50 Mbps', 'LAUNCH', 'Announced\t2021, November 26', 'Status\tAvailable. Released 2022, January 21', 'BODY', 'Dimensions\t164.2 x 75.9 x 9.1 mm (6.46 x 2.99 x 0.36 in)', 'Weight\t196 g (6.91 oz)', 'Build\tGlass front, plastic back, plastic frame', 'SIM\tSingle SIM (Nano-SIM) or Dual SIM (Nano-SIM, dual stand-by)', 'DISPLAY', 'Type\tPLS TFT', 'Size\t6.5 inches, 102.0 cm2 (~81.8% screen-to-body ratio)', 'Resolution\t720 x 1600 pixels, 20:9 ratio (~270 ppi density)', 'PLATFORM', 'OS\tAndroid 11', 'CPU\tOcta-core (2x1.6 GHz & 6x1.6 GHz)', 'MEMORY', 'Card slot\tmicroSDXC (dedicated slot)', 'Internal\t32GB 3GB RAM', '\teMMC 5.1', 'MAIN CAMERA', 'Dual\t48 MP, f/1.8, (wide), AF', '2 MP, f/2.4, (depth)', 'Features\tLED flash', 'Video\t1080p@30fps', 'SELFIE CAMERA', 'Single\t5 MP, f/2.2', 'Video\t', 'SOUND', 'Loudspeaker\tYes', '3.5mm jack\tYes', 'COMMS', 'WLAN\tWi-Fi 802.11 a/b/g/n/ac, dual-band, Wi-Fi Direct, hotspot', 'Bluetooth\t5.0, A2DP, LE', 'GPS\tYes, with A-GPS', 'NFC\tNo', 'Radio\tUnspecified', 'USB\tmicroUSB 2.0', 'FEATURES', 'Sensors\tAccelerometer, proximity', 'Messaging\tSMS(threaded view), MMS, Email, Push Email, IM', 'Browser\tHTML5', 'BATTERY', 'Type\tLi-Po 5000 mAh, non-removable']",https://www.bukalapak.com/p/handphone/hp-smartphone/hp-android/4h3cdam-jual-samsung-a03-ram-3-32-gb-garansi-resmi,,Samsung,,,https://www.bukalapak.com/p/handphone/hp-smartphone/hp-android/4h3cdam-jual-samsung-a03-ram-3-32-gb-garansi-resmi,,,['1 Tahun'],03/13/2022 09:14:03,NA,NA,03/13/2022
,W10,SEIN,Bukalapak,,,,,,,'',,['6.2'],NA,IDR,,Rp1899000,Rp1899000,NA,Dynasty Gadget,['100%'],NA,Unauthorized,Yes,NA,NA,No,['5.0'],NA,NA,"['NETWORK', 'Technology : GSM / HSPA / LTE', '2G bands :GSM 850 / 900 / 1800 / 1900 - SIM 1 & SIM 2', '3G bands : HSDPA 850 / 900 / 1700(AWS) / 1900 / 2100', '4G bands : 1, 2, 3, 4, 5, 7, 8, 12, 17, 20, 26, 28, 38, 40, 41, 66', 'Speed : HSPA 42.2/5.76 Mbps, LTE-A', 'LAUNCH', 'Announced : 2021, April 19', 'Status : Available. ', 'Released : 2021, April 30', 'BODY', 'Dimensions : 164 x 75.9 x 9.7 mm (6.46 x 2.99 x 0.38 in)', 'Weight : 212 g (7.48 oz)', 'Build : Glass front, plastic back, plastic frame', 'SIM : Dual SIM (Nano-SIM, dual stand-by)', 'DISPLAY', 'Type : PLS IPS, 90Hz', 'Size : 6.5 inches, 102.0 cm2(~81.9% screen-to-body ratio)', 'Resolution : 720 x 1600 pixels, 20:9 ratio (~270 ppi density)', 'PLATFORM', 'OS : Android 11, One UI Core 3.1', 'Chipset : Exynos 850 (8nm)', 'CPU : Octa-core (4x2.0 GHz Cortex-A55 & 4x2.0 GHz Cortex-A55)', 'GPU : Mali-G52', 'MEMORY', 'Card slot : microSDXC (dedicated slot)', 'Internal : 32GB 3GB RAM, 64GB 4GB RAM, 128GB 4GB RAMeMMC 5.1', 'MAIN CAMERA', 'Quad : 48 MP, f/2.0, (wide), 1/2.0"", 0.8m, PDAF', '5 MP, f/2.2, 123 (ultrawide)', '2 MP, f/2.4, (macro)', '2 MP, f/2.4, (depth)', 'Features : LED flash, panorama, HDRVideo1080p@30fps', 'SELFIE CAMERA', 'Single : 8 MP, f/2.2, (wide)', 'Features : HDR', 'Video : 1080p@30fps', 'SOUND', 'Loudspeaker : Yes', '3.5mm jack : Yes', 'COMMS', 'WLAN : Wi-Fi 802.11 b/g/n, Wi-Fi Direct, hotspot', 'Bluetooth : 5.0, A2DP, LEG', 'GPS : Yes, with A-GPS, GLONASS, GALILEO, BDS', 'NFC : No', 'Radio : Unspecified', 'USB : USB Type-C 2.0', 'FEATURES', 'Sensors : Fingerprint (side-mounted), accelerometer, proximity', 'Messaging : SMS(threaded view), MMS, Email, Push Email, IM', 'Browser : HTML5', 'BATTERY', 'Type : Li-Po 5000 mAh, non-removable', 'Charging : Fast charging 15W']",https://www.bukalapak.com/p/handphone/hp-smartphone/4g3rjf4-jual-samsung-m12-ram-4-64-gb-garansi-resmi,,Samsung,,,https://www.bukalapak.com/p/handphone/hp-smartphone/4g3rjf4-jual-samsung-m12-ram-4-64-gb-garansi-resmi,,,['1 Tahun'],03/13/2022 09:14:09,NA,NA,03/13/2022
Include/ Exclude,Week,Sub,Site,Cat,Type,Series Name,SS SKU Code,D/B Name,SS SKU Size,SS SKU Colour,Listing Title,Listing Size,Listing Color,CCY,RRP (LC),LP (LC),SP (LC),Off/Bund/Promo,Seller Name,Seller Rating,Seller Rep,Seller type,Availability,Stocks,Import/Export,Refurbished,Prod Rating,# of Prod Review,Specification,Description,URL,Site Prod ID,Brand,Site SKU Code,FX,RRP (USD),LP (USD),SP (USD),Warranty Type,Timestamp,Seller size,Seller Time,Report Date
,W10,SEIN,Bukalapak,,,,,,,'',,[],NA,IDR,,Rp7300000,Rp7300000,NA,OPPO Authorized Dealer,['99%'],NA,Unauthorized,Yes,NA,NA,No,['5.0'],NA,NA,[],https://www.bukalapak.com/p/handphone/hp-smartphone/fhho1l-jual-promo-samsung-galaxy-s8-sm-g950-garansi-resmi-samsung,,Samsung,,,https://www.bukalapak.com/p/handphone/hp-smartphone/fhho1l-jual-promo-samsung-galaxy-s8-sm-g950-garansi-resmi-samsung,,,[],03/13/2022 11:23:01,NA,NA,03/13/2022
,W10,SEIN,Bukalapak,,,,,,,'',,['5.5'],NA,IDR,,Rp1475000,Rp1475000,NA,edynur,['98%'],NA,Unauthorized,Yes,NA,NA,No,[],NA,NA,"['Samsung S7 EDGE Duos RESMI SEIN Ram 4/32GB 4G LTE ', 'Kondisi : ', '- android Oreo 8.0 - Dual Sim GSM', '- Layar 5.5inch ', '- touchscreen lancar jaya ', '- Ram 4GB - internal 32gb ', '- Fisik 95% Overal Mulusss sesuai Foto - 100% lancar jaya ', '- kamera belakang 12MP ', '- Kamera depan 5MP ', '- Fingerprint Normall  ', '- layar super amoled ada shadow tipis, masih bening.. lcd masih original boss - Layar ada retak sesuai foto, cek foto detail, yg teliti ya juragan ', '- Fingerprint lancar jaya ', '- Original Resmi SEIN ', '- sinyal 4G LTE All operator GSM ', '- Baterai 3600Mah masih original kelengkapan unit HP only original / batangan / HP aja / HP doank stock terbatasss silahkan order']",https://www.bukalapak.com/p/handphone/hp-smartphone/hp-android/4h1j357-jual-samsung-s7-edge,,Samsung,,,https://www.bukalapak.com/p/handphone/hp-smartphone/hp-android/4h1j357-jual-samsung-s7-edge,,,['Tidak Bergaransi'],03/13/2022 11:23:11,NA,NA,03/13/2022
,W10,SEIN,Bukalapak,,,,,,,'',,"['4G - LTE, 3G, Wifi, Bluetooth, GPS Navigation, Touchscreen, Memory Card Slots, e-mail, FM Radio, MP3, Video Player, Front Camera, Dual Sim Card']",NA,IDR,,Rp2199000,"Rp2199000,  Hemat 19%",NA,Gojap,['99%'],NA,Unauthorized,Yes,NA,NA,No,['4.9'],NA,NA,"['Siapa cepat dia dapat !!!!', '100% Original', '100% Garansi Resmi SEIN SAMSUNG INDONESIA', 'Jaminan dana kembali utuh !!!', 'Prosesor', 'CPU Speed1.8GHz, 1.6GHz', 'CPU TypeOcta-Core', 'Display', 'Size (Main_Display)160.0mm (6.3"" full rectangle) / 155.9mm (6.1"" rounded corners)', 'Resolusi (Main Display)2340 x 1080 (FHD+)', 'Teknologi (Main Display)TFT', 'Kedalaman Warna (Main Display)16M', 'Kamera', 'Main Camera - Resolution13.0 MP + 5.0 MP', 'Main Camera - F NumberF1.9 , F2.2', 'Main Camera - Auto FocusYes', 'Rear Camera - OISNo', 'Front Camera - Resolution8.0 MP', 'Front Camera - F NumberF2.0', 'Front Camera - Auto FocusNo', 'Front Camera - OISNo', 'Main Camera - FlashYes', 'Front Camera - FlashNo', 'Resolusi Rekaman VideoFHD(1920 x 1080) @30fps', 'Gojap', 'Memori', 'RAM Size (GB)3', 'ROM Size (GB)32', 'Available Memory Size * (GB)21.9', 'Dukungan Memori EksternalMicroSD (Up to 512GB)', 'Jaringan', 'Number of SIMDual-SIM', 'SIM sizeNano-SIM (4FF)', 'SIM Slot TypeSIM + SIM 2 + MicroSD', 'Infra2G GSM, 3G WCDMA, 4G LTE FDD, 4G LTE TDD', '2G GSMGSM850, GSM900, DCS1800, PCS1900', '3G UMTSB1(2100), B2(1900), B5(850), B8(900)', '4G FDD LTEB1(2100), B3(1800), B5(850), B7(2600), B8(900), B20(800), B28(700)', '4G TDD LTEB38(2600), B40(2300), B41(2500)', 'Konektivitas', 'ANT+Tidak', 'USB InterfaceUSB Type-C', 'Versi USBUSB 2.0', 'Teknologi LokasiGPS, Glonass, Beidou', 'Earjack3.5mm Stereo', 'MHLTidak', 'Wi-Fi802.11 b/g/n 2.4GHz', 'Wi-Fi DirectYa', 'Versi BluetoothBluetooth v5.0', 'NFCNo', 'PC  Switch (PC version)', 'Sistem OperasiAndroid', 'Informasi Umum', 'Form FactorTouch Bar', 'SensorsAccelerometer, Fingerprint Sensor, Gyro Sensor, Geomagnetic Sensor, Proximity Sensor, Virtual Light Sensing', 'Spesifikasi Fisik', 'Dimension (HxWxD, mm)156.4 x 74.5 x 8.8', 'Weight (g)186', 'Baterai', 'Internet Usage Time(3G) (Hours)Up to 15', 'Internet Usage Time(LTE) (Hours)Up to 17', 'Internet Usage Time(Wi-Fi) (Hours)Up to 17', 'Video Playback Time (Hours)Up to 17', 'Battery Capacity (mAh, Typical)5000', '#samsungm20 #galaxym20 #m20 #samsunggalaxym20']",https://www.bukalapak.com/p/handphone/hp-smartphone/hp-android/18hudl1-jual-samsung-m20-sein,,Samsung,,,https://www.bukalapak.com/p/handphone/hp-smartphone/hp-android/18hudl1-jual-samsung-m20-sein,,,['Dual GSM-GSM'],03/13/2022 11:23:22,NA,NA,03/13/2022
,W10,SEIN,Bukalapak,,,,,,,'',,"['4G - LTE, Wifi, Bluetooth, GPS Navigation, Touchscreen, Memory Card Slots, Front Camera, Dual Sim Card, Fingerprint Sensor']",NA,IDR,,Rp3599000,Rp3599000,NA,BEST STORE,['100%'],NA,Unauthorized,Yes,NA,NA,No,['5.0'],NA,NA,"['samsung note 9 AU', 'batangan aja,', 'Warna masih lengkap', 'No minus, no shadow', 'Body kemulusan 95-97%', 'minta foto sebelum dikirim via chat sama admin', 'garansi 7hari setelah brg diterima', 'Garansi jaringan lifetime']",https://www.bukalapak.com/p/handphone/hp-smartphone/1m4yv4o-jual-samsung-note-9-global,,Samsung,,,https://www.bukalapak.com/p/handphone/hp-smartphone/1m4yv4o-jual-samsung-note-9-global,,,['GSM'],03/13/2022 11:23:32,NA,NA,03/13/2022
,W10,SEIN,Bukalapak,,,,,,,'',,[],NA,IDR,,Rp3750000,Rp3750000,NA,Daton Shop,['100%'],NA,Unauthorized,Yes,NA,NA,No,['5.0'],NA,NA,[],https://www.bukalapak.com/p/handphone/hp-smartphone/hp-android/4gje1q4-jual-samsung-galaxy-a32-5g-ram-8gb-rom-128gb-garansi-resmi,,Samsung,,,https://www.bukalapak.com/p/handphone/hp-smartphone/hp-android/4gje1q4-jual-samsung-galaxy-a32-5g-ram-8gb-rom-128gb-garansi-resmi,,,[],03/13/2022 11:23:41,NA,NA,03/13/2022
,W10,SEIN,Bukalapak,,,,,,,'',,['7'],NA,IDR,,Rp14999000,"Rp14999000,  Hemat 33%",NA,Gojap,['100%'],NA,Unauthorized,Yes,NA,NA,No,[],NA,NA,"['100% New dan Original', '100% Garansi Resmi Samsung Indonesia', 'Jaminan dan kbali utuh jika bukan ori', 'Samsung Galaxy Z Flip', 'SM-F700F', 'Warna', 'Mirror Gold/Black/Purple', 'Jaringan', 'GSM / HSPA / LTE', 'Sistem Operasi', 'Android 10', 'Prosesor', 'Qualcomm SM8150 Snapdragon 855+ (7 nm), Octa-core (1x2.95 GHz Kryo 485 & 3x2.41 GHz Kryo 485 & 4x1.78 GHz Kryo 485)', 'GPU', 'Adreno 640 (700 MHz)', 'RAM8 GB', 'Kapasitas256 GB', 'Ukuran Layar6.7 inch', 'Tipe Layar', 'Foldable Dynamic AMOLED capacitive touchscreen, 16M colors', 'Resolusi Layar1080 x 2636 pixels (~425 ppi density), HDR10+', 'Kamera Belakang', 'Dual:', '12 MP, f/1.8, 27mm (wide), 1/2.55"", 1.4m, Dual Pixel PDAF, OIS', '12 MP, f/2.2, 12mm (ultrawide), 1.12m', 'Kamera Depan', '10 MP, f/2.4, 26mm (wide), 1.22m, PDAF', 'Fitur Kamera', '4K UHD Recording, Photo & Video Bokeh, Super steady, Ultra Wide Camera, Custom Filter', 'Audio', '32-bit/384kHz audio, Tuned by AKG', 'WLAN', 'Wi-Fi 802.11 a/b/g/n/ac, dual-band, Wi-Fi Direct, hotspot', 'Bluetooth5.0, A2DP, LE', 'GPSA-GPS, GLONASS, GALILEO, BDS', 'Sensor', 'Fingerprint (side-mounted), accelerometer, gyro, proximity, compass, barometer', 'Baterai', '3300 mAh', 'Pengisian Daya', 'Fast battery charging 15W, Wireless charging', 'Slot Memori Eksternal', 'No', 'SIM', 'Single Nano SIM', 'Berat183 gr', 'Dimensi167.3 x 73.6 x 7.2 mm (Unfolded), 87.4 x 73.6 x 17.3 mm (Folded)', 'Lainnya', 'Cover Display: 1.1 inci, Super AMOLED, 112 x 300 pixel', 'Video: 2160p@30/60fps, 1080p@60/240fps, 720p@960fps, HDR10+', 'USB: 3.1, Type-C 1.0 reversible connector, USB On-The-Go', 'Material: Plastic front, glass back (Gorilla Glass 6), aluminum frame']",https://www.bukalapak.com/p/handphone/hp-smartphone/hp-android/4gwzsuy-jual-samsung-galaxy-z-flip-garansi-resmi-lipat-zflip,,Samsung,,,https://www.bukalapak.com/p/handphone/hp-smartphone/hp-android/4gwzsuy-jual-samsung-galaxy-z-flip-garansi-resmi-lipat-zflip,,,['1 Tahun'],03/13/2022 11:23:52,NA,NA,03/13/2022
,W10,SEIN,Bukalapak,,,,,,,'',,['6.2'],NA,IDR,,Rp1986000,"Rp1986000,  Hemat 2%",NA,rikydos santos aveiro,['89%'],NA,Unauthorized,Yes,NA,NA,No,['4.6'],NA,NA,"['RAM/Internal Storage: 4/64GB', 'Processor: MediaTek Helio P35', 'Battery: 5.000 mAh', 'Display: 6.5"""" HD+ PLS LCD Infinity-V Display', 'Rear Camera: 13+2+2 MP', 'Front Camera: 5MP""']",https://www.bukalapak.com/p/handphone/hp-smartphone/hp-android/4geyywy-jual-samsung-galaxy-a03s-4-64-gb-garansi-sein,,Samsung,,,https://www.bukalapak.com/p/handphone/hp-smartphone/hp-android/4geyywy-jual-samsung-galaxy-a03s-4-64-gb-garansi-sein,,,['1 Tahun'],03/13/2022 11:24:04,NA,NA,03/13/2022
,W10,SEIN,Bukalapak,,,,,,,'',,['6.2'],NA,IDR,,Rp4999000,"Rp4999000,  Hemat 9%",NA,Mobilecell,['98%'],NA,Unauthorized,Yes,NA,NA,No,['5.0'],NA,NA,"['Chat utk ketersediaan Warna ya kk jk tdk dikirim random', 'SAMSUNG A52 8/128 GB Garansi Resmi Sein Samsung New 1 Tahun', 'Biru dan Black ', 'Spesifikasi :', 'Layar 6.5 inch super amoled', 'Snapdragon 750', 'IP67 anti air', '4550mah', 'SAMSUNG Garansi Resmi Indonesia Sein:', 'SAMSUNG Brand New bergaransi Resmi', 'Spesifikasi lengkap search di google Gsm Arena', 'Barang Asli Brand New 100% dan Segel Asli di Jamin ', 'Silahkan belanja di tempat kami pasti Aman, Termurah dan Terlengkap', 'Harap bertanya warna stok yg tersedia karena stok sangat terbatas', 'Terima Kasih Silahkan diorder kk']",https://www.bukalapak.com/p/handphone/hp-smartphone/hp-android/4e82krm-jual-samsung-a52-8-128-8-256-gb-new-sein-resmi-harga-list-gudang,,Samsung,,,https://www.bukalapak.com/p/handphone/hp-smartphone/hp-android/4e82krm-jual-samsung-a52-8-128-8-256-gb-new-sein-resmi-harga-list-gudang,,,['1 Tahun'],03/13/2022 11:24:11,NA,NA,03/13/2022
,W10,SEIN,Bukalapak,,,,,,,'',,['6.2'],NA,IDR,,Rp6490000,"Rp6490000,  Hemat 12%",NA,Mobilecell,['98%'],NA,Unauthorized,Yes,NA,NA,No,['5.0'],NA,NA,"['READY STOCK : New Samsung A52s 5G 8/256 Gb ', 'BLACK mint n White', '---------------------------------------------------------------', '100% RESMI SEIN', '100% BARU SEGEL', '100% READY STOCK', 'Orderan masuk - Langsung kirim', 'SUPPORT 5G TELKOMSEL BAND N40', 'Spesifikasi: dengan Chipset terbaru', '* Processor Qualcomm Snapdragon 778G (6nm)', '* Android 11; One UI 3.1', '* Layar 6.5"" FHD+ Infinity-V Display 1080 x 2400 pixels, 20:9 ratio 405 ppi densi', '* Layar Super AMOLED', '* 120Hz Refresh Frame Rate', '* Corning Gorilla Glass 5', '* Dual SIM Nano Card', '* RAM 8GB / 256 ROM', '* Memory Micro SD support up to 1TB', '* OIS Quad Camera: 64MP + 12 MP + 5MP + 5MP', '* Front Camera: 32MP', '* Dolby Atmos Stereo Speakers', '* NFC Ready ', 'Fingerprint in Display', 'IP67 Water & Dust Resistant', '25W Fast Charging USB Type C', '4500 mAh Lithium Polymer Battery', 'GARANSI RESMI 100% SEIN INDONESIA']",https://www.bukalapak.com/p/handphone/hp-smartphone/hp-android/4gjdl9s-jual-samsung-a52s-8-256-5g-new-garansi-resmi-sein-harga-list-grosir-gudang,,Samsung,,,https://www.bukalapak.com/p/handphone/hp-smartphone/hp-android/4gjdl9s-jual-samsung-a52s-8-256-5g-new-garansi-resmi-sein-harga-list-grosir-gudang,,,['1 Tahun'],03/13/2022 11:24:19,NA,NA,03/13/2022
,W10,SEIN,Bukalapak,,,,,,,'',,['6.2'],NA,IDR,,Rp2499000,"Rp2499000,  Hemat 5%",NA,STAR SHOP,['99%'],NA,Unauthorized,Yes,NA,NA,No,['5.0'],NA,NA,"['SAMSUNG GALAXY A12 RAM 6/128GB', 'WARNA : BLACK ,BLUE,WHITE', 'FULL BONUS ', 'BONUS DAPAT SEMUANYA.', 'NOTE:Agar lebih aman dalam pengiriman ekpedisi dan Safety Packing Dus tambahan CUMA 2 ribu saja.', 'STOK READY ,LANGSUNG SAJA DI ORDER YA KAK', 'BERGARANSI RESMI SAMSUNG INDONESIA 1 TAHUN(SEIN)', 'SERVIS BEBAS CLAIM DI SELURUH INDONESIA', 'BARANG RESMI DAN TERSEGEL ', 'IMEI RESMI TERDAFTAR DI KOMEMPERIN', 'BONUS', '-HEADSET ORI ', '-TEMPERED GLASS (anti gores kaca)', '-SOFCASE PROTECTIVE CAMERA', '1paket, jadi gak usah beli / TG lagi ,Tinggal Pakei saja..BOSSKU', 'NOTE:DALAM PAKET PENJUALAN TIDAK DAPAT HEADSET/HANDFREE BAWAAN YA KAK!', 'BONUS PASTI DAPAT', 'NETWORK\tTechnology\t', 'GSM / HSPA / LTE', 'BODY\t', 'Dimensions\t164 x 75.8 x 8.9 mm (6.46 x 2.98 x 0.35 in)', 'Weight\t205 g (7.23 oz)', 'Build\tGlass front, plastic back, plastic frame', 'SIM\tSingle SIM (Nano-SIM) or Dual SIM (Nano-SIM, dual stand-by)', 'DISPLAY\t', 'Type\tPLS IPS', 'Size\t6.5 inches, 106.7 cm2 (~85.8% screen-to-body ratio)', 'Resolution\t720 x 1600 pixels, 20:9 ratio (~264 ppi density)', 'PLATFORM\tOS', 'Android 10', 'Chipset\tMediatek MT6765 Helio P35 (12nm)', 'CPU\tOcta-core (4x2.35 GHz Cortex-A53 & 4x1.8 GHz Cortex-A53)', 'GPU\tPowerVR GE8320', 'MEMORY', 'Card slot\tmicroSDXC (dedicated slot)', 'Internal\t128GB 6GB RAMeMMC 5.1', 'MAIN CAMERA', 'Quad\t48 MP, f/2.0, 26mm (wide), AF', '5 MP, f/2.2, 123 (ultrawide)', '2 MP, f/2.4, (macro)', '2 MP, f/2.4, (depth)', 'Features\tLED flash, panorama, HDR', 'Video\t1080p@30fps', 'SELFIE CAMERA\t', 'Single\t8 MP, f/2.2', 'Video\t1080p@30fps', 'SOUND\tLoudspeaker\tYes', '3.5mm jack\tYes', 'COMMS\tWLAN', 'Wi-Fi 802.11 b/g/n, Wi-Fi Direct, hotspot', 'Bluetooth\t5.0, A2DP, LE', 'GPS\tYes, with A-GPS, GLONASS, GALILEO, BDS', 'Radio\tUnspecified', 'USB\tUSB Type-C 2.0', 'FEATURES\t', 'Sensors\tFingerprint (side-mounted), accelerometer', 'BATTERY\tType\tLi-Po 5000 mAh, non-removable', 'Charging\tFast charging 15W']",https://www.bukalapak.com/p/handphone/hp-smartphone/hp-android/46mly6d-jual-samsung-galaxy-a12-ram-6-128gb-garansi-resmi-samsung-indonesia,,Samsung,,,https://www.bukalapak.com/p/handphone/hp-smartphone/hp-android/46mly6d-jual-samsung-galaxy-a12-ram-6-128gb-garansi-resmi-samsung-indonesia,,,['1 Tahun'],03/13/2022 11:24:28,NA,NA,03/13/2022
,W10,SEIN,Bukalapak,,,,,,,'',,[],NA,IDR,,Rp2767500,Rp2767500,NA,MACC,['100%'],NA,Unauthorized,Yes,NA,NA,No,['5.0'],NA,NA,"['Ready = Black, Blue, White', 'Kode Promo = BLMACC', 'Samsung Galaxy M32', 'Ram 6/128 Gb', 'New Resmi Sein', 'Imei Terdaftar', 'Ready .Black..Blue..White']",https://www.bukalapak.com/p/handphone/hp-smartphone/hp-android/4gk35zs-jual-samsung-galaxy-m32-ram-6-128-gb-garansi-resmi-sein,,Samsung,,,https://www.bukalapak.com/p/handphone/hp-smartphone/hp-android/4gk35zs-jual-samsung-galaxy-m32-ram-6-128-gb-garansi-resmi-sein,,,[],03/13/2022 11:24:41,NA,NA,03/13/2022
,W10,SEIN,Bukalapak,,,,,,,'',,['6.2'],NA,IDR,,Rp1595000,Rp1595000,NA,THE NEW DAY,['99%'],NA,Unauthorized,Yes,NA,NA,No,['5.0'],NA,NA,"['GARANSI RESMI 1 TAHUN', 'BARU DALAM DUS DAN TERSEGEL.', 'Ready Stock And Limited Stock', 'HARGA PROMO !!!', 'Samsung M12', 'RAM 3 GB ROM 32 GB', 'Ready : Warna   hijau ', 'Barang Dijamin Original , Garansi Resmi (Samsung Indonesia) 1 Tahun', 'Klo Gak ORi Dan Gak Garansi Resmi Ane Refund 100%', 'irim pake Jne , Gojek , J&T ,Grab , anteraja, si cepat', 'Bagi Yang Mau order/tanya silakan Pm / chat', 'Catatan: Barang masih Baru dan segel resmi.', 'Bila ada keluhan atas barang selama masa garansi diluar kesalahan pengguna, silahkan di klaim langsung', 'Fitur unggulan :', '- Display 6.5 HD+ PLS Infinity-V Display 90 Hz', '- Dimension 164 x 75.9 x 9.7 mm', '- Generation 4G', '- Front Camera 8MP', '- rear Camera 48MP + 5MP + 2MP + 2MP', '- Memory RAM + ROM (GB) : 3+32 GB', '- Battery 5000 mAh (15 W FC)', '- Side Fingerprint', 'Samsung M12 menggunakan chipset Exynos 850 dan GPU Mali-G52, lengkap dengan dukungan OS Android 11 serta antarmuka One UI Core 3.1 terbaru dari Samsung.', 'Tersedia dua konfigurasi penyimpanan yang nantinya bisa dipilih, masing-masing 3/32GB dan 4/64GB. Penyimpanan masih bisa ditambah dengan microSD dengan kapasitas maksimal 1TB.', 'Lanjut ke kamera. Samsung M12 menggunakan empat buah kamera utama dengan masing-masing memiliki sensor 48MP (wide), 5MP (ultrawide), 2MP (macro), dan 2MP (depth). Di bagian depan ada kamera selfie 8MP dalam notch Infinity-V khas Samsung.', 'Ciri khas baterai besar lini Galaxy M Series tetap terjaga pada varian baru ini. Samsung M12 dilengkapi baterai 5.000 mAh, lengkap dengan pengisian daya cepat 15W.']",https://www.bukalapak.com/p/handphone/hp-smartphone/hp-android/4frx9qd-jual-samsung-galaxy-m12-ram-3-gb-rom-32gb-garansi-resmi-sein-baru-dan-bersegel,,Samsung,,,https://www.bukalapak.com/p/handphone/hp-smartphone/hp-android/4frx9qd-jual-samsung-galaxy-m12-ram-3-gb-rom-32gb-garansi-resmi-sein-baru-dan-bersegel,,,['1 Tahun'],03/13/2022 11:24:54,NA,NA,03/13/2022
,W10,SEIN,Bukalapak,,,,,,,'',,['6.2'],NA,IDR,,Rp3999000,"Rp3999000,  Hemat 8%",NA,Mobilecell,['98%'],NA,Unauthorized,Yes,NA,NA,No,['4.8'],NA,NA,"['Ada ready Samsung A32 8/128', 'Support 5G ', 'Spesifikasi Samsung Galaxy A32 8/128 5G ', 'Chat utk ketersediaan warna jk tdk kita krm Random ya', 'Black', 'Galaxy A32 5G 8/128 Gb', 'Display 6.5"""" HD+', 'Processor Mediatek Dimensity 720', 'Front Camera 13MP', 'Quad Rear Camera 48MP 8MP 2MP 5MP', 'Battery 5000 Mah', '15W Fast Charging', 'Side Fingerprint', 'Dual SIM', 'Android 11', 'Network 5G Connectivity', 'RAM 8GB', 'Storage 128GB', 'Silahkan diorder ya kk']",https://www.bukalapak.com/p/handphone/hp-smartphone/hp-android/4gp3j6j-jual-samsung-a32-8-128-5g-new-sein-resmi-harga-list-grosie,,Samsung,,,https://www.bukalapak.com/p/handphone/hp-smartphone/hp-android/4gp3j6j-jual-samsung-a32-8-128-5g-new-sein-resmi-harga-list-grosie,,,['1 Tahun'],03/13/2022 11:25:01,NA,NA,03/13/2022
,W10,SEIN,Bukalapak,,,,,,,'',,['6.2'],NA,IDR,,Rp1490000,Rp1490000,NA,rikydos santos aveiro,['89%'],NA,Unauthorized,Yes,NA,NA,No,['4.6'],NA,NA,"['Ready', 'Samsung Galaxy A02 3GB+32GB ', 'Garansi Resmi 1 Tahun', '~ Free Perdana dan Handsfree Selama Persediaan masi ada ~', 'Kondisi :', '- New & Original 100%', '- IMEI Terdaftar diDatabase Kemenpenrin', 'Dengan layar 6,5 ""HD + Infinity-V, Galaxy A02 menawarkan pengalaman imersif pada layar yang besar dan lebar. Jadi Anda dapat menikmati konten Anda dengan tampilan yang enak dipandang.', 'Tubuh ramping yang memiliki kekuatan besar', 'Memegang baterai besar yang pas dengan mulus di dalam perangkat setebal 9,1mm, Galaxy A02 yang ramping memamerkan desain garis yang menarik di bagian luar. Sempurnakan dengan pilihan warna hitam atau abu-abu yang ramping.', 'Ambil foto yang menakjubkan, depan dan belakang', 'Abadikan foto-foto indah dan jernih dari momen favorit Anda dengan kamera utama Galaxy A02 yang cerah 13MP, atau ambil detailnya secara close-up dengan kamera makro 2MP. Dan ketika Anda ingin menjadi sorotan, putar ponsel Anda untuk menggunakan kamera depan 5MP.', 'Kekuatan yang membuat Anda terus maju', 'Mainkan, lebih lama dengan baterai 5.000mAh Galaxy A02 (khas). Kapasitas yang lebih besar berarti Anda dapat menghabiskan lebih sedikit waktu untuk mencari pengisi daya, dan lebih banyak waktu untuk melakukan apa yang Anda sukai di ponsel Anda.', 'Dibuat untuk kinerja optimal', 'Galaxy A02 dibuat untuk apa yang Anda lakukan dalam keseharian Anda. Muncul dengan RAM 3GB untuk kinerja yang mulus dan penyimpanan internal 32GB / 64GB. Tambahkan hingga 1TB ruang dengan kartu microSD.', 'Layar', '6.5-inch HD+ TFT Infinity-V Display', 'Dimensi : 164 x 75.9 x 9.1 mm (6.46 x 2.99 x 0.36 in)', 'Kamera Belakang Utama : Main: 13MP, F1.9 Macro: 2MP, F2.4', 'Kamera Depan Selfie: 5MP, F2.0', 'Body 75.9 x 164.0 x 9.1mm 206g', 'Ram & Internal 3GB RAM ROM 32GB', 'MicroSD slot (up to 1TB)', '* Available RAM may vary by country and region.', 'Baterai : 5,000mAh (typical) 7.75W Charging', 'Colors Black dan black', 'Terima Kasih Telah Berbelanja di toko kami']",https://www.bukalapak.com/p/handphone/hp-smartphone/hp-android/4cmal9p-jual-samsung-galaxy-a02-3gb-32gb-garansi-resmi-1-tahun,,Samsung,,,https://www.bukalapak.com/p/handphone/hp-smartphone/hp-android/4cmal9p-jual-samsung-galaxy-a02-3gb-32gb-garansi-resmi-1-tahun,,,['1 Tahun'],03/13/2022 11:25:09,NA,NA,03/13/2022
,W10,SEIN,Bukalapak,,,,,,,'',,['6.2'],NA,IDR,,Rp1735000,Rp1735000,NA,MITRA PHONE,['99%'],NA,Unauthorized,Yes,NA,NA,No,['5.0'],NA,NA,"['Spesifikasi Samsung Galaxy A03 TERBARU', 'KAMERA 48MP', 'Garansi Resmi Samsung Indonesia 1 Tahun SEIN', '100% Original Baru dan Segel', 'Imei Terdaftar Resmi di Kemenperin', 'BONUS : TEMPERED GLASS FULL COVER', 'WARNA: HITAM ,BIRU ,MERAH', 'UNTUK PILIHAN WARNA SILAKAN TULIS DI CATATAN .TERIMA KASIH', 'NETWORKTechnologyGSM / HSPA / LTE2G bandsGSM 850 / 900 / 1800 / 1900 - SIM 1 & SIM 2 (dual-SIM model only)3G bandsHSDPA 850 / 900 / 21004G bandsLTE (unspecified)SpeedHSPA 42.2/5.76 Mbps, LTE Cat4 150/50 Mbps', 'BODYDimensions', '164.2 x 75.9 x 9.1 mm (6.46 x 2.99 x 0.36 in', 'SIMSingle SIM (Nano-SIM) or Dual SIM (Nano-SIM, dual stand-by)', 'DISPLAYTypePLS IPSSize6.5 inches, 102.0 cm2(~81.8% screen-to-body ratio)Resolution720 x 1600 pixels, 20:9 ratio (~270 ppi density)', 'PLATFORMOSAndroid 11CPUOcta-core (2x1.6 GHz & 6x1.6 GHz)', 'MEMORYCard slotmicroSDXCInternal 64GB 4GB RAM ', 'MAIN CAMERADual48 MP, f/1.8, (wide), AF', '2 MP, f/2.4, (depth)FeaturesLED flashVideo1080p@30fps', 'SELFIE CAMERASingle5 MP, f/2.2Video', 'SOUNDLoudspeakerYes3.5mm jackYes', 'COMMSWLANWi-Fi 802.11 b/g/n, Wi-Fi Direct, hotspotBluetooth5.1, A2DP,', 'RadioUnspecified', 'USBmicroUSB 2.0', 'FEATURESSensorsAccelerometerMessagingSMS(threaded view), MMS, Email, Push Email', 'BATTERYTypeLi-Po 5000 mAh, non-removable']",https://www.bukalapak.com/p/handphone/hp-smartphone/hp-android/4h0cx4g-jual-samsung-galaxy-a03-ram-4-64gb-garansi-resmi-sein-samsung-a03-ram-4-internal-64gb,,Samsung,,,https://www.bukalapak.com/p/handphone/hp-smartphone/hp-android/4h0cx4g-jual-samsung-galaxy-a03-ram-4-64gb-garansi-resmi-sein-samsung-a03-ram-4-internal-64gb,,,['1 Tahun'],03/13/2022 11:25:17,NA,NA,03/13/2022
,W10,SEIN,Bukalapak,,,,,,,'',,"['4G - LTE,  Memory Card Slots,  Fingerprint Sensor,  Wireless Charging,  Dual Sim Card']",NA,IDR,,Rp1225000,Rp1225000,NA,MisterBB Depok Store,['100%'],NA,Unauthorized,Yes,NA,NA,No,['4.5'],NA,NA,"['SAMSUNG GALAXY S8 64GB DUAL SIM RESMI SEIN', 'Hp murah berkualitas dan bergaransi bos. silahkan merapat bos barang terbatas..', 'Kondisi :', '- android Pie 9.0', '- Dual Sim GSM', '- Layar 5.8inch', '- Ram 4GB', '- internal 64gb', '- Touchscreen lancar jaya', '- Fisik overall mulus 90% sesuai foto ya bos.. cek foto detail.', '- 100% lancar jaya', '- kamera belakang 12MP', '- Kamera depan 8MP', '- Fingerprint lancar jaya', '- irish scanner lancar jaya', '- LAYAR super amoled ada Shadow sangat tipis / No shadow sesuai foto, lcd masih original, fungsional touchscreen lancar jaya', '- Layar flicker / kedip2, aplikasi penstabil kontras dan always on display Wajib ON supaya masih ok', '- Original Resmi', '- sinyal 4G LTE All operator GSM', '- Baterai 3000Mah masih original', 'kelengkapan', 'unit hp original only / HP aja / Batangan / HP doank', 'stock terbatasss', 'silahkan order', 'thanks bosku...']",https://www.bukalapak.com/p/handphone/hp-smartphone/hp-android/2i51qp9-jual-samsung-galaxy-s8-dual-sim-resmi-sein-paling-termurah-boss,,Samsung,,,https://www.bukalapak.com/p/handphone/hp-smartphone/hp-android/2i51qp9-jual-samsung-galaxy-s8-dual-sim-resmi-sein-paling-termurah-boss,,,['Dual GSM-GSM'],03/13/2022 11:25:22,NA,NA,03/13/2022
,W10,SEIN,Bukalapak,,,,,,,'',,[],NA,IDR,,Rp5596000,Rp5596000,NA,apple_shop,['100%'],NA,Unauthorized,Yes,NA,NA,No,['4.5'],NA,NA,[],https://www.bukalapak.com/p/handphone/hp-smartphone/hp-android/39l5tn0-jual-samsung-galaxy-note-10-plus-second-fullset-mulus,,Samsung,,,https://www.bukalapak.com/p/handphone/hp-smartphone/hp-android/39l5tn0-jual-samsung-galaxy-note-10-plus-second-fullset-mulus,,,[],03/13/2022 11:25:34,NA,NA,03/13/2022
,W10,SEIN,Bukalapak,,,,,,,'',,['6.2'],NA,IDR,,Rp1700000,Rp1700000,NA,TOKO MAJU,['100%'],NA,Unauthorized,Yes,NA,NA,No,[],NA,NA,[],https://www.bukalapak.com/p/handphone/hp-smartphone/hp-android/4h4kxia-jual-samsung-galaxy-m12,,Samsung,,,https://www.bukalapak.com/p/handphone/hp-smartphone/hp-android/4h4kxia-jual-samsung-galaxy-m12,,,['Tidak bergaransi'],03/13/2022 11:25:39,NA,NA,03/13/2022
,W10,SEIN,Bukalapak,,,,,,,'',,['5.0'],NA,IDR,,Rp300000,Rp300000,NA,Karina Rosalina,[],NA,Unauthorized,Yes,NA,NA,No,[],NA,NA,"['Bekas pemakaian pribadi.', 'Semua fungsi normal. Tombol power susah pencet dapat diakali dengan mengaktifkan fungsi sensor proximity. Speaker ok, dll ok. Chat untuk tanya2 lebih lanjut. BONUS COVER IPAKY. Batangan. Free packing aman bubble wrap.']",https://www.bukalapak.com/p/handphone/hp-smartphone/hp-android/4h3yzcm-jual-samsung-grand-prime-sm-g531h,,Samsung,,,https://www.bukalapak.com/p/handphone/hp-smartphone/hp-android/4h3yzcm-jual-samsung-grand-prime-sm-g531h,,,['Tidak bergaransi'],03/13/2022 11:25:49,NA,NA,03/13/2022
,W10,SEIN,Bukalapak,,,,,,,'',,['7'],NA,IDR,,Rp19000000,Rp19000000,NA,Eddy Yahya,['100%'],NA,Unauthorized,Yes,NA,NA,No,[],NA,NA,"['Jual Second kondisi like NEW', 'Samsung Galaxy Fold 3', 'Warna Hitam', '512gb', 'Kelengkapan Komplit dengan box', 'Bonus 2 Case dan Stylus Samsung Original']",https://www.bukalapak.com/p/handphone/hp-smartphone/hp-android/4h4jvuy-jual-samsung-galaxy-fold-3-black-512gb-like-new,,Samsung,,,https://www.bukalapak.com/p/handphone/hp-smartphone/hp-android/4h4jvuy-jual-samsung-galaxy-fold-3-black-512gb-like-new,,,['Resmi Lokal'],03/13/2022 11:26:01,NA,NA,03/13/2022
,W10,SEIN,Bukalapak,,,,,,,'',,[],NA,IDR,,Rp5599000,Rp5599000,NA,daton store,['100%'],NA,Unauthorized,Yes,NA,NA,No,['5.0'],NA,NA,[],https://www.bukalapak.com/p/handphone/hp-smartphone/hp-android/4gj3n07-jual-samsung-galaxy-a52s-5g-ram-8gb-rom-256gb-garansi-resmi,,Samsung,,,https://www.bukalapak.com/p/handphone/hp-smartphone/hp-android/4gj3n07-jual-samsung-galaxy-a52s-5g-ram-8gb-rom-256gb-garansi-resmi,,,[],03/13/2022 11:26:09,NA,NA,03/13/2022
,W10,SEIN,Bukalapak,,,,,,,'',,['6.2'],NA,IDR,,Rp1850000,Rp1850000,NA,THE NEW DAY,['99%'],NA,Unauthorized,Yes,NA,NA,No,['5.0'],NA,NA,"['GARANSI RESMI 1 TAHUN', 'BARU DALAM DUS DAN TERSEGEL.', 'Ready Stock And Limited Stock', 'HARGA PROMO !!!', 'Samsung M12', 'RAM 4 GB ROM 64GB', 'Ready : Warna hitam dan biru', 'Barang Dijamin Original , Garansi Resmi (Samsung Indonesia) 1 Tahun', 'Klo Gak ORi Dan Gak Garansi Resmi Ane Refund 100%', 'irim pake Jne , Gojek , J&T ,Grab , anteraja, si cepat', 'Bagi Yang Mau order/tanya silakan Pm / chat', 'Catatan: Barang masih Baru dan segel resmi.', 'Bila ada keluhan atas barang selama masa garansi diluar kesalahan pengguna, silahkan di klaim langsung', 'Fitur unggulan :', '- Display 6.5 HD+ PLS Infinity-V Display 90 Hz', '- Dimension 164 x 75.9 x 9.7 mm', '- Generation 4G', '- Front Camera 8MP', '- rear Camera 48MP + 5MP + 2MP + 2MP', '- Memory RAM + ROM (GB) : 4+64 GB', '- Battery 5000 mAh (15 W FC)', '- Side Fingerprint', 'Samsung M12 menggunakan chipset Exynos 850 dan GPU Mali-G52, lengkap dengan dukungan OS Android 11 serta antarmuka One UI Core 3.1 terbaru dari Samsung.', 'Tersedia dua konfigurasi penyimpanan yang nantinya bisa dipilih, masing-masing 3/32GB dan 4/64GB. Penyimpanan masih bisa ditambah dengan microSD dengan kapasitas maksimal 1TB.', 'Lanjut ke kamera. Samsung M12 menggunakan empat buah kamera utama dengan masing-masing memiliki sensor 48MP (wide), 5MP (ultrawide), 2MP (macro), dan 2MP (depth). Di bagian depan ada kamera selfie 8MP dalam notch Infinity-V khas Samsung.', 'Ciri khas baterai besar lini Galaxy M Series tetap terjaga pada varian baru ini. Samsung M12 dilengkapi baterai 5.000 mAh, lengkap dengan pengisian daya cepat 15W.']",https://www.bukalapak.com/p/handphone/hp-smartphone/hp-android/4g409nj-jual-samsung-galaxy-m12-ram-4-gb-rom-64gb-garansi-resmi-sein,,Samsung,,,https://www.bukalapak.com/p/handphone/hp-smartphone/hp-android/4g409nj-jual-samsung-galaxy-m12-ram-4-gb-rom-64gb-garansi-resmi-sein,,,['1 Tahun'],03/13/2022 11:26:22,NA,NA,03/13/2022
,W10,SEIN,Bukalapak,,,,,,,'',,['7'],NA,IDR,,Rp2799000,"Rp2799000,  Hemat 4%",NA,Gojap,['99%'],NA,Unauthorized,Yes,NA,NA,No,['5.0'],NA,NA,"['100% Original', '100% Garansi Resmi Samsung Indonesia', '100% Imei Resmi Terdaftar', 'Jaminan dana kembali utuh jika bukan original', 'Samsung Galaxy M22 NFC', 'Prosesor', 'CPU Speed2GHz, 1.8GHzCPU TypeOcta-Core', 'Display', 'Size (Main_Display)162.3mm (6.4"" full rectangle) / 158.9mm (6.3"" rounded corners)', 'Resolution (Main Display)720 x 1600 (HD+)', 'Technology (Main Display)', 'Super AMOLED', 'Color Depth (Main Display)16M', 'Camera', 'Rear Camera - Resolution (Multiple)48.0 MP + 8.0 MP + 2.0 MP + 2.0 MP', 'Rear Camera - F Number (Multiple)F2.0 , F2.2 , F2.4 , F2.4', 'Main Camera - Auto FocusYes', 'Rear Camera - OISNo', 'Rear Camera Zoom', 'Digital Zoom up to 10x', 'Front Camera - Resolution13.0 MP', 'Front Camera - F NumberF2.2', 'Front Camera - Auto FocusNo', 'Front Camera - OISNo', 'Main Camera - FlashYes', 'Front Camera - FlashNo', 'Video Recording Resolution', 'FHD (1920 x 1080) @30fps', 'Slow Motion120fps @HD', 'Memory', 'RAM Size (GB)6ROM Size (GB)128', 'Available Memory (GB)*45.8', 'External Memory Support', 'MicroSD (Up to 1TB)', 'Network/Bearer', 'Number of SIM', 'Dual-SIM', 'SIM size', 'Nano-SIM (4FF)', 'SIM Slot Type', 'SIM + SIM 2 + MicroSD', 'Connectivity', 'USB Interface', 'USB Type-C', 'USB Version', 'USB 2.0', 'Location Technology', 'GPS, Glonass, Beidou, Galileo', 'Earjack3.5mm Stereo', 'MHLNo', 'Wi-Fi802.11 a/b/g/n/ac 2.4+5GHz', 'Wi-Fi DirectYes', 'Bluetooth Version', 'Bluetooth v5.0', 'NFCYes', 'PC Sync.Smart Switch (PC version)', 'Sensors', 'Accelerometer, Fingerprint Sensor, Gyro Sensor, Geomagnetic Sensor, Virtual Light Sensing, Virtual Proximity Sensing', 'Battery', 'Battery Capacity', '5000 mAh']",https://www.bukalapak.com/p/handphone/hp-smartphone/hp-android/4grj7tv-jual-samsung-galaxy-m22-nfc-garansi-resmi,,Samsung,,,https://www.bukalapak.com/p/handphone/hp-smartphone/hp-android/4grj7tv-jual-samsung-galaxy-m22-nfc-garansi-resmi,,,['1 Tahun'],03/13/2022 11:26:27,NA,NA,03/13/2022
,W10,SEIN,Bukalapak,,,,,,,'',,['Resmi Lokal'],NA,IDR,,Rp1495000,Rp1495000,NA,CJ7,['99%'],NA,Unauthorized,Yes,NA,NA,No,['5.0'],NA,NA,"['GARANSI RESMI SEIN SAMSUNG INDONESIA', '100 % Baru dan imei terdaftar resmi di kemenperin.', 'ready stok silakan di order..', 'packing bubble : ', 'Spesifikasi :', 'NETWORK\tTechnology\t', 'GSM / HSPA / LTE', 'LAUNCH\tAnnounced\t2021, January 27', 'Status\tAvailable. Released 2021, January 27', 'BODY\tDimensions\t164 x 75.9 x 9.1 mm (6.46 x 2.99 x 0.36 in)', 'Weight\t206 g (7.27 oz)', 'Build\tGlass front, plastic back, plastic frame', 'SIM\tSingle SIM (Nano-SIM) or Dual SIM (Nano-SIM, dual stand-by)', 'DISPLAY\tType\tPLS IPS', 'Size\t6.5 inches, 102.0 cm2 (~81.9% screen-to-body ratio)', 'Resolution\t720 x 1600 pixels, 20:9 ratio (~270 ppi density)', 'PLATFORM\tOS\tAndroid 10, upgradable to Android 11, One UI 3.1', 'Chipset\tMediatek MT6739W (28 nm)', 'CPU\tQuad-core 1.5 GHz Cortex-A53', 'GPU\tPowerVR GE8100', 'MEMORY\tCard slot\tmicroSDXC (dedicated slot)', 'Internal\t32GB 2GB RAM, 32GB 3GB RAM, 32GB 4GB RAM, 64GB 3GB RAM', ' \teMMC 5.1', 'MAIN CAMERA\tDual\t13 MP, f/1.9, (wide), AF', '2 MP, f/2.4, (macro)', 'Features\tLED flash', 'Video\t1080p@30fps', 'SELFIE CAMERA\tSingle\t5 MP, f/2.0', 'Video\t', 'SOUND\tLoudspeaker\tYes', '3.5mm jack\tYes', 'COMMS\tWLAN\tWi-Fi 802.11 b/g/n, Wi-Fi Direct, hotspot', 'Bluetooth\t5.1, A2DP, LE', 'GPS\tYes, with A-GPS, GLONASS', 'NFC\tNo', 'Radio\tFM radio', 'USB\tmicroUSB 2.0', 'FEATURES\tSensors\tAccelerometer', ' \tVirtual proximity sensing', 'BATTERY\tType\tLi-Po 5000 mAh, non-removable']",https://www.bukalapak.com/p/handphone/hp-smartphone/hp-android/4gm4ce7-jual-samsung-galaxy-a02-3-32-ram-3gb-rom-32gb-garansi-resmi-samsung,,Samsung,,,https://www.bukalapak.com/p/handphone/hp-smartphone/hp-android/4gm4ce7-jual-samsung-galaxy-a02-3-32-ram-3gb-rom-32gb-garansi-resmi-samsung,,,['Support MicroSD'],03/13/2022 11:26:35,NA,NA,03/13/2022
,W10,SEIN,Bukalapak,,,,,,,'',,"['4G - LTE, 3G, Wifi, Bluetooth, GPS Navigation, Touchscreen, QWERTY Keyboard']",NA,IDR,,Rp3690000,Rp3690000,NA,Click Ponsel,['99%'],NA,Unauthorized,Yes,NA,NA,No,['4.9'],NA,NA,"['SAMSUNG GALAXY NOTE 9 RAM 6GB INTERNAL 128GB', 'Warna (mohon dikonfirmasi lagi sebelum membeli) :', '* Midnight Black', '* Blue', 'Kelengkapan Produk :', '* Smartphone', '* Box OEM', '* Earphone OEM', '* Charger + Cable OEM', 'Penjelasan Produk :', '* Barang bekas original', '* Kondisi Fisik -+95% lecet pemakaian', '* Baterai masih awet', '* Fungsi mesin normal', '* Fullset lengkap dengan accecories', '* Bisa menggunakan semua operator di indonesia', 'Spesifikasi :', '* 4G LTE', '* Single SIM (Nano)', '* Layar 6.4 inches', '* Dimensi 161.9 x 76.4 x 8.8 mm (6.37 x 3.01 x 0.35 in)', '* Dual Camera 12 MP, f/1.5-2.4, 26mm (wide), 1/2.55"", 1.4m, dual pixel PDAF, OIS, 12 MP, f/2.4, 52mm (telephoto), 1/3.4"", 1.0m, AF, OIS, 2x optical zoom', '* Kamera Depan 8 MP, f/1.7, 25mm (wide), 1/3.6"", 1.22m, AF', '* Android OS 9', '* Battery 4000 mAh', '* Qualcomm Snapdragon 845', '* RAM 6GB', 'Untuk pertanyaan lebih lanjut bisa chat atau pun menghubungi kontak di bawah', 'Segel Rusak, Hilang, Sobek, Jatuh, Pecah atau pun human error / kesalahan pengguna = Garansi Hangus', 'Mohon di ingat unit dari samsung water resist bukan waterproof jika belum mengerti artinya bisa di google bedanya jadi unit baru pun jika terkena air tidak akan di garansikan oleh samsung, jika unit terkena air dan mati total termasuk kesalahan pengguna / Tidak bergaransi']",https://www.bukalapak.com/p/handphone/hp-smartphone/hp-android/1n9vcdq-jual-samsung-galaxy-note-9-128-gb-ram-6-gb-bekas-second-fullset,,Samsung,,,https://www.bukalapak.com/p/handphone/hp-smartphone/hp-android/1n9vcdq-jual-samsung-galaxy-note-9-128-gb-ram-6-gb-bekas-second-fullset,,,['Tidak Bergaransi'],03/13/2022 11:26:40,NA,NA,03/13/2022
,W10,SEIN,Bukalapak,,,,,,,'',,['6.5'],NA,IDR,,Rp1799000,"Rp1799000,  Hemat 9%",NA,Samsung Official Store,['93%'],NA,Unauthorized,Yes,NA,NA,No,['5.0'],NA,NA,[],https://www.bukalapak.com/p/handphone/hp-smartphone/hp-android/4fqwmya-jual-samsung-m12-3-32-4-64-gb-ram-3-4-rom-32-64-resmi-sein,,Samsung,,,https://www.bukalapak.com/p/handphone/hp-smartphone/hp-android/4fqwmya-jual-samsung-m12-3-32-4-64-gb-ram-3-4-rom-32-64-resmi-sein,,,['1 Tahun'],03/13/2022 11:26:51,NA,NA,03/13/2022
